지역,보험명,담당부서명,담당자전화번호,계약자명,피보험자명,청구방법,홈페이지,보험료합계,보장시작,보장종료,보장항목,보장설명,보장금액(원),최종수정일
서울특별시 중구,용산구 구민안전보험,안전재난과,02-2199-7957,용산구청,"용산구에 주민등록된 모든 구민(자동 가입, 등록 외국인 포함)",보험접수센터에 문의(1522-3556),https://www.yongsan.go.kr/portal/main/contents.do?menuNo=201276,63403620,20250223,20260222,화상 진단위로금(수술비),수술1회당/ 심재성2도이상,20,20250226
서울특별시 광진구,동대문구 생활안전보험,안전재난과,02-2127-4458,동대문구,동대문구민,한국지방재정공제회(☎1577-5939) 팩스 또는 전자우편 접수,https://www.ddm.go.kr/www/contents.do?key=3733,76625780,20250117,20260116,화상 진단위로금(수술비),심재성2도 이상 화상 수술비,100,20250225
서울특별시 동대문구,중랑구 구민안전보험,도시안전과,02-2094-0274,중랑구,중랑구민,보험사에 등기접수 ,https://www.lofa.or.kr/index.do,56310060,20250129,20260128,화상 진단위로금(수술비),화상수술비,10,20250226
서울특별시 중랑구,성북구민안전보험,도시안전과,02-2241-3672,성북구청,성북구민(등록된 외국인포함),구민안전보험 상담접수센터(☎ 1522-3556 / FAX 0507-774-0662),https://www.sb.go.kr,137000000,20250201,20260131,화상 진단위로금(수술비),성북구민이 상해로 화상을 입고 병원또는 의원 등에서 수술을 받은경우 (수술회당),200,20250212
서울특별시 노원구,2024년 은평구 구민안전보험,안전관리과,02-351-7684,서울특별시 은평구,은평구에 주민등록이 된 구민 전체,청구인이 보험사에 직접 청구,https://www.ep.go.kr/www/contents.do?key=3474,78609590,20240801,20250731,화상 진단위로금(수술비),,70,20240802
서울특별시 은평구,2024년 은평구 구민안전보험,안전관리과,02-351-7684,서울특별시 은평구,은평구에 주민등록이 된 구민 전체,청구인이 보험사에 직접 청구,https://www.ep.go.kr/www/contents.do?key=3474,78609590,20240801,20250731,화상 진단위로금(수술비),,70,20240802
서울특별시 강서구,강서구 생활안전보험,안전관리과,02-2600-6807,강서구,강서구에 주민등록을 둔 모든 구민 (등록 외국인 포함),"보험금 청구 사유 발생 시 청구처로 피보험자 또는 법정상속인이 사고접수 및 보험금 청구
 *청구절차: 보험금 청구 문의 > 필요 증빙서류 안내 > 보험금 신청 > 보험금 지급심사 > 보험금 지급
 *자세한 사항은 구민안전보험 통합상담센터(1522-3556)에 문의해 주세요.",https://www.gangseo.seoul.kr/gs031202,239550850,20250201,20260131,화상 진단위로금(수술비),구민이 상해로 화상을 입고 병원 또는 의원 등에서 수술을 받은경우,50,20250501
서울특별시 구로구,구로구 구민안전보험,도시안전과,02-860-3290,구로구,구로구에 주민등록을 둔 모든 구민(등록 외국인 포함),보험구 청구 사유 발생 시 청구처로 피보험자 또는 법정상속인이 사고접수 및 보험금 청구,https://guro.go.kr/www/contents.do?key=4119&,115448010,20250301,20260228,화상 진단위로금(수술비),화상수술비,100,20250310
서울특별시 동작구,동작구 구민안전보험,도시안전과,02-820-9931,동작구,동작구에 주민등록을 둔 모든 구민 (등록 외국인 포함),"보험구 청구 사유 발생 시 청구처로 피보험자 또는 법정상속인이 사고접수 및 보험금 청구
  *청구절차: 보험금 청구 문의 > 필요 증빙서류 안내 > 보험금 신청 > 보험금 지급심사 > 보험금 지급
  *자세한 사항은 NH 농협손해보험에 문의해 주세요.",https://www.dongjak.go.kr/portal/main/contents.do?menuNo=201283,5000000,20250101,20251231,화상 진단위로금(수술비),동작구민이 상해로 화상을 입고 병원 또는 의원 등에서 수술을 받은 경우  ※ 타 보험 가입여부와 관계없이 중복보상,30,20250506
서울특별시 관악구,관악구 구민안전보험,안전관리과,02-879-5812,관악구,"주민등록되어있는 관악구민(등록외국인, 국내거소인 포함)","피보험자 또는 법정상속인이 보장기간 내 사고발생일로부터 3년 이내, 보험사(한국지방재정공제회)에 직접 청구(이메일 또는 우편, 팩스)",https://www.gwanak.go.kr/site/gwanak/10/11005100000002023050803.jsp,150928170,20250330,20260329,화상 진단위로금(수술비),화상을 입고 수술을 받은 경우,50,20250228
서울특별시 서초구,2025년 서초구민 생활안전보험,안전도시과,02-2155-6099,서초구,서초구민,"피해구민이 보험사에 직접 청구
서초구민 생활안전보험 상담센터 (1522-3556)",https://www.seocho.go.kr,215000000,20250201,20260131,자연재난 사망,,1000,20250507
서울특별시 서초구,2025년 서초구민 생활안전보험,안전도시과,02-2155-6099,서초구,서초구민,"피해구민이 보험사에 직접 청구
서초구민 생활안전보험 상담센터 (1522-3556)",https://www.seocho.go.kr,215000000,20250201,20260131,자연재난 후유장해,,500,20250507
서울특별시 서초구,2025년 서초구민 생활안전보험,안전도시과,02-2155-6099,서초구,서초구민,"피해구민이 보험사에 직접 청구
서초구민 생활안전보험 상담센터 (1522-3556)",https://www.seocho.go.kr,215000000,20250201,20260131,"화재,붕괴,폭발 사망",,1000,20250507
서울특별시 서초구,2025년 서초구민 생활안전보험,안전도시과,02-2155-6099,서초구,서초구민,"피해구민이 보험사에 직접 청구
서초구민 생활안전보험 상담센터 (1522-3556)",https://www.seocho.go.kr,215000000,20250201,20260131,"화재,붕괴,폭발 후유장해",,500,20250507
서울특별시 서초구,2025년 서초구민 생활안전보험,안전도시과,02-2155-6099,서초구,서초구민,"피해구민이 보험사에 직접 청구
서초구민 생활안전보험 상담센터 (1522-3556)",https://www.seocho.go.kr,215000000,20250201,20260131,사회재난 사망,,1000,20250507
서울특별시 서초구,2025년 서초구민 생활안전보험,안전도시과,02-2155-6099,서초구,서초구민,"피해구민이 보험사에 직접 청구
서초구민 생활안전보험 상담센터 (1522-3556)",https://www.seocho.go.kr,215000000,20250201,20260131,사회재난 후유장해,,500,20250507
서울특별시 강남구,강남구 구민안전보험,강남구 재난안전과,02-3423-6932,강남구,"강남구 주민(사고 당일 기준 강남구에 주민등록을 두고 있는  모든 구민, 등록 외국인 포함)","보험금 청구 사유 발생 시 청구처로 피보험자 또는 법정상속인이 사고접수 및 보험금 청구
 *청구절차: 보험금 청구 문의 > 필요 증빙서류 안내 > 보험금 신청 > 보험금 지급 심사 > 보험금 지급
자세한 사항은 구민안전보험 통합상담센터에 문의해 주세요.(보험청구 소멸시효 기간 : 사고일로부터 3년) 
  *문의전화 : 1522-3556",https://www.gangnam.go.kr/contents/safety_insurance03/1/view.do?mid=ID02_01100703,379833890,20250101,20251231,화상 진단위로금(수술비),강남구민이 상해로 화상을 입고 병원 또는 의원 등에서 수술을 받은 경우,100,20250213
서울특별시 강동구,강동구 구민안전보험,재난안전과,02-3425-9282,강동구,서울특별시 강동구에 주민등록을 둔 모든 군민 (등록 외국인 포함),"보험금 청구 사유 발생 시 청구처로 피보험자 또는 법정상속인이 사고접수 및 보험금 청구
 *청구절차: 보험금 청구 문의 > 필요 증빙서류 안내 > 보험금 신청 > 보험금 지급심사 > 보험금 지급
 *자세한 사항은 시민안전보험 통합상담센터(1522-3556)에 문의해 주세요.",http://www.gangdong.go.kr/web/newportal/bbs/b_068/148235,82730580,20250125,20260124,화상 진단위로금(수술비),상해로 화상을 입고 수술을 받은 경우(심재성 2도이상),100,20250502
부산광역시 중구,서구 구민안전보험,구민안전과,051-240-4644,부산 서구,서구에 주민등록 된 전 구민(등록외국인 포함),"보험금 청구 사유 발생 시 청구처로 피보험자 또는 법정상속인이 사고접수 및 보험금 청구
*청구절차: 보험금 청구 문의 > 필요 증빙서류 안내 > 보험금 신청 > 보험금 지급심사 > 보험금 지급
*자세한 사항은 한국지방재정공제회(1577-5939)에 문의해 주세요.",https://www.bsseogu.go.kr/board/view.do?boardId=BBS_0000039&menuCd=DOM_000000103001012000&orderBy=REGISTER_DATE%20DESC&paging=ok&startPage=1&dataSid=242384,108551780,20250110,20260109,자연재난 사망,"자연재해(일사병, 열사병, 저체온증 포함)로 사망한 경우(단, 15세 미만자 제외)",2000,20250211
부산광역시 중구,서구 구민안전보험,구민안전과,051-240-4644,부산 서구,서구에 주민등록 된 전 구민(등록외국인 포함),"보험금 청구 사유 발생 시 청구처로 피보험자 또는 법정상속인이 사고접수 및 보험금 청구
*청구절차: 보험금 청구 문의 > 필요 증빙서류 안내 > 보험금 신청 > 보험금 지급심사 > 보험금 지급
*자세한 사항은 한국지방재정공제회(1577-5939)에 문의해 주세요.",https://www.bsseogu.go.kr/board/view.do?boardId=BBS_0000039&menuCd=DOM_000000103001012000&orderBy=REGISTER_DATE%20DESC&paging=ok&startPage=1&dataSid=242384,108551780,20250110,20260109,자연재난 후유장해,"자연재해(일사병, 열사병, 저체온증 포함)로  3~100%의 상해 후유장해가 발생한 경우",1000,20250211
부산광역시 중구,서구 구민안전보험,구민안전과,051-240-4644,부산 서구,서구에 주민등록 된 전 구민(등록외국인 포함),"보험금 청구 사유 발생 시 청구처로 피보험자 또는 법정상속인이 사고접수 및 보험금 청구
*청구절차: 보험금 청구 문의 > 필요 증빙서류 안내 > 보험금 신청 > 보험금 지급심사 > 보험금 지급
*자세한 사항은 한국지방재정공제회(1577-5939)에 문의해 주세요.",https://www.bsseogu.go.kr/board/view.do?boardId=BBS_0000039&menuCd=DOM_000000103001012000&orderBy=REGISTER_DATE%20DESC&paging=ok&startPage=1&dataSid=242384,108551780,20250110,20260109,"화재,붕괴,폭발 사망","폭발, 화재, 붕괴 사고로 상해 사망한 경우(단, 15세 미만자 제외)",2000,20250211
부산광역시 중구,서구 구민안전보험,구민안전과,051-240-4644,부산 서구,서구에 주민등록 된 전 구민(등록외국인 포함),"보험금 청구 사유 발생 시 청구처로 피보험자 또는 법정상속인이 사고접수 및 보험금 청구
*청구절차: 보험금 청구 문의 > 필요 증빙서류 안내 > 보험금 신청 > 보험금 지급심사 > 보험금 지급
*자세한 사항은 한국지방재정공제회(1577-5939)에 문의해 주세요.",https://www.bsseogu.go.kr/board/view.do?boardId=BBS_0000039&menuCd=DOM_000000103001012000&orderBy=REGISTER_DATE%20DESC&paging=ok&startPage=1&dataSid=242384,108551780,20250110,20260109,"화재,붕괴,폭발 후유장해","폭발, 화재, 붕괴 사고로 3~100%의 상해 후유장해가 발생한 경우",2000,20250211
부산광역시 중구,서구 구민안전보험,구민안전과,051-240-4644,부산 서구,서구에 주민등록 된 전 구민(등록외국인 포함),"보험금 청구 사유 발생 시 청구처로 피보험자 또는 법정상속인이 사고접수 및 보험금 청구
*청구절차: 보험금 청구 문의 > 필요 증빙서류 안내 > 보험금 신청 > 보험금 지급심사 > 보험금 지급
*자세한 사항은 한국지방재정공제회(1577-5939)에 문의해 주세요.",https://www.bsseogu.go.kr/board/view.do?boardId=BBS_0000039&menuCd=DOM_000000103001012000&orderBy=REGISTER_DATE%20DESC&paging=ok&startPage=1&dataSid=242384,108551780,20250110,20260109,화상 진단위로금(수술비),상해로 화상(심재성2도 이상)을 입고 그 치료를 직접적인 목적으로 수술을 받은 경우,100,20250211
부산광역시 중구,서구 구민안전보험,구민안전과,051-240-4644,부산 서구,서구에 주민등록 된 전 구민(등록외국인 포함),"보험금 청구 사유 발생 시 청구처로 피보험자 또는 법정상속인이 사고접수 및 보험금 청구
*청구절차: 보험금 청구 문의 > 필요 증빙서류 안내 > 보험금 신청 > 보험금 지급심사 > 보험금 지급
*자세한 사항은 한국지방재정공제회(1577-5939)에 문의해 주세요.",https://www.bsseogu.go.kr/board/view.do?boardId=BBS_0000039&menuCd=DOM_000000103001012000&orderBy=REGISTER_DATE%20DESC&paging=ok&startPage=1&dataSid=242384,108551780,20250110,20260109,사회재난 사망,"사회재난(재난상황으로 보고된 건에 한함)으로 사망한 경우(단, 15세 미만자 제외)",2000,20250211
부산광역시 중구,서구 구민안전보험,구민안전과,051-240-4644,부산 서구,서구에 주민등록 된 전 구민(등록외국인 포함),"보험금 청구 사유 발생 시 청구처로 피보험자 또는 법정상속인이 사고접수 및 보험금 청구
*청구절차: 보험금 청구 문의 > 필요 증빙서류 안내 > 보험금 신청 > 보험금 지급심사 > 보험금 지급
*자세한 사항은 한국지방재정공제회(1577-5939)에 문의해 주세요.",https://www.bsseogu.go.kr/board/view.do?boardId=BBS_0000039&menuCd=DOM_000000103001012000&orderBy=REGISTER_DATE%20DESC&paging=ok&startPage=1&dataSid=242384,108551780,20250110,20260109,사회재난 후유장해,사회재난(재난상황으로 보고된 건에 한함)으로  3~100%의 상해 후유장해가 발생한 경우,1000,20250211
부산광역시 서구,동구 구민안전보험,안전예방과,051-440-4648,동구,동구에 주민등록을 둔 주민(등록외국인 포함),"보험금 청구 사유 발생 시 청구처로 피보험자 또는 법정상속인이 사고접수 및 보험금 청구
*청구절차: 보험금 청구 문의 > 필요 증빙서류 안내 > 보험금 신청 > 보험금 지급심사 > 보험금 지급
*자세한 사항은 통합상담센터(1522-3556)에 문의해 주세요.",https://www.bsdonggu.go.kr/index.donggu?menuCd=DOM_000000104001005000,59782050,20240801,20250731,화상 진단위로금(수술비),동구구민이 상해로 화상을 입고 병원 또는 의원 등에서 수술을 받은 경우,100,20250213
부산광역시 동구,영도구 구민안전보험,도시안전과,051-419-4644,영도구,영도구에 주민등록이 되어 있는 구민,"청구사유 발생 시 증빙서류 첨부, 보험사(한국지방재정공제회) 청구",https://www.yeongdo.go.kr/00672/00768/04236.web,47380050,20250201,20260131,자연재난 후유장해,"구민이 자연재해(일사병, 열사병, 저체온증 포함)로 상해 후유장해가 발생한 경우",500,20250210
부산광역시 동구,영도구 구민안전보험,도시안전과,051-419-4644,영도구,영도구에 주민등록이 되어 있는 구민,"청구사유 발생 시 증빙서류 첨부, 보험사(한국지방재정공제회) 청구",https://www.yeongdo.go.kr/00672/00768/04236.web,47380050,20250201,20260131,화상 진단위로금(수술비),상해의 직접결과로써 화상분류표에서 정한 화상을 입고 그 치료를 목적으로 수술을 받은 경우,100,20250210
부산광역시 동구,영도구 구민안전보험,도시안전과,051-419-4644,영도구,영도구에 주민등록이 되어 있는 구민,"청구사유 발생 시 증빙서류 첨부, 보험사(한국지방재정공제회) 청구",https://www.yeongdo.go.kr/00672/00768/04236.web,47380050,20250201,20260131,사회재난 후유장해, 구민이 사회재난(재난상황으로 보고된 건에 한함)으로 상해 후유장해가 발생한 경우,500,20250210
부산광역시 부산진구,동래구 구민안전보험,도시안전과,051-550-4636,동래구,동래구에 주민등록이 된 모든 구민(등록외국인 포함),"보험구 청구 사유 발생 시 청구처로 피보험자 또는 법정상속인이 사고접수 및 보험금 청구
*청구절차: 보험금 청구 문의 > 필요 증빙서류 안내 > 보험금 신청 > 보험금 지급심사 > 보험금 지급
*자세한 사항은 한국지방재정공제회에 문의(☎1577-5939)",https://www.dongnae.go.kr/index.dongnae?menuCd=DOM_000000105008001010,118367100,20250101,20251231,자연재난 사망,자연재해(감염병 제외)로 사망한 경우,1000,20250211
부산광역시 부산진구,동래구 구민안전보험,도시안전과,051-550-4636,동래구,동래구에 주민등록이 된 모든 구민(등록외국인 포함),"보험구 청구 사유 발생 시 청구처로 피보험자 또는 법정상속인이 사고접수 및 보험금 청구
*청구절차: 보험금 청구 문의 > 필요 증빙서류 안내 > 보험금 신청 > 보험금 지급심사 > 보험금 지급
*자세한 사항은 한국지방재정공제회에 문의(☎1577-5939)",https://www.dongnae.go.kr/index.dongnae?menuCd=DOM_000000105008001010,118367100,20250101,20251231,자연재난 후유장해,자연재해(감염병 제외)로 3~100%의 후유장해가 발생한 경우,1000,20250211
부산광역시 부산진구,동래구 구민안전보험,도시안전과,051-550-4636,동래구,동래구에 주민등록이 된 모든 구민(등록외국인 포함),"보험구 청구 사유 발생 시 청구처로 피보험자 또는 법정상속인이 사고접수 및 보험금 청구
*청구절차: 보험금 청구 문의 > 필요 증빙서류 안내 > 보험금 신청 > 보험금 지급심사 > 보험금 지급
*자세한 사항은 한국지방재정공제회에 문의(☎1577-5939)",https://www.dongnae.go.kr/index.dongnae?menuCd=DOM_000000105008001010,118367100,20250101,20251231,화상 진단위로금(수술비),상해의 직접결과로써 화상분류표에서 정한 화상(심재성 2도 이상)을 입고 그 치료를 목적으로 수술을 받은 경우,100,20250211
부산광역시 부산진구,동래구 구민안전보험,도시안전과,051-550-4636,동래구,동래구에 주민등록이 된 모든 구민(등록외국인 포함),"보험구 청구 사유 발생 시 청구처로 피보험자 또는 법정상속인이 사고접수 및 보험금 청구
*청구절차: 보험금 청구 문의 > 필요 증빙서류 안내 > 보험금 신청 > 보험금 지급심사 > 보험금 지급
*자세한 사항은 한국지방재정공제회에 문의(☎1577-5939)",https://www.dongnae.go.kr/index.dongnae?menuCd=DOM_000000105008001010,118367100,20250101,20251231,사회재난 사망,사회재난(감염병 제외)으로 사망한 경우,1000,20250211
부산광역시 부산진구,동래구 구민안전보험,도시안전과,051-550-4636,동래구,동래구에 주민등록이 된 모든 구민(등록외국인 포함),"보험구 청구 사유 발생 시 청구처로 피보험자 또는 법정상속인이 사고접수 및 보험금 청구
*청구절차: 보험금 청구 문의 > 필요 증빙서류 안내 > 보험금 신청 > 보험금 지급심사 > 보험금 지급
*자세한 사항은 한국지방재정공제회에 문의(☎1577-5939)",https://www.dongnae.go.kr/index.dongnae?menuCd=DOM_000000105008001010,118367100,20250101,20251231,사회재난 후유장해,사회재난(감염병 제외)로 3~100%의 후유장해가 발생한 경우,1000,20250211
부산광역시 동래구,남구 구민안전보험,안전총괄과,051-607-4648,부산남구,남구에 주민등록을 둔 모든 구민 (등록 외국인 포함),"○ 보험금 청구 사유 발생 시 청구처로 피보험자 또는 법정상속인이 사고접수 및 보험금 청구
○ 청구절차: 보험금 청구 문의 > 필요 증빙서류 안내 > 보험금 신청 > 보험금 지급심사 > 보험금 지급
○ 자세한 사항은 통합상담센터(☏1522-3556)에 문의해 주시기 바랍니다.",https://www.bsnamgu.go.kr/index.namgu?menuCd=DOM_000000125004017000,213447080,20250201,20260131,화상 진단위로금(수술비),상해로 화상을 입고 병원 또는 의원 등에서 수술을 받은 경우(심재성2도이상),100,20250216
부산광역시 사하구,사하구 구민안전보험,안전총괄과,051-220-4646,사하구,사하구에 주민등록이 되어 있는 모든 구민 (등록된 외국인포함) ,"■ 청구사유 발생 시 상기 공통서류 및 지급 사유별 필요서류를 첨부하여 아래 접수센터로 연락바랍니다.
■ 자세한 안내가 필요하시면 아래 연락처로 연락주세요.
     구민안전보험 보험금 청구 및 접수처 (보험사 상담접수센터)
     - 전화문의 : 1522-3556 
     - 팩    스 : 0507-774-0662",https://www.saha.go.kr/portal/contents.do?mId=0410120000,156386310,20250201,20260131,자연재난 후유장해,"사하구민이 자연재해(일사병,열사병 포함)로 인해 3%~100%의 후유장해가 발생한 경우 (장해비율에 따라 차등 지급)",1000,20250211
부산광역시 사하구,사하구 구민안전보험,안전총괄과,051-220-4646,사하구,사하구에 주민등록이 되어 있는 모든 구민 (등록된 외국인포함) ,"■ 청구사유 발생 시 상기 공통서류 및 지급 사유별 필요서류를 첨부하여 아래 접수센터로 연락바랍니다.
■ 자세한 안내가 필요하시면 아래 연락처로 연락주세요.
     구민안전보험 보험금 청구 및 접수처 (보험사 상담접수센터)
     - 전화문의 : 1522-3556 
     - 팩    스 : 0507-774-0662",https://www.saha.go.kr/portal/contents.do?mId=0410120000,156386310,20250201,20260131,화상 진단위로금(수술비),사하구민이 상해로 화상을 입고 병원 또는  의원 등에서 수술을 받은 경우 (심재성 2도 이상),100,20250211
부산광역시 금정구,금정구 구민안전보험,안전관리과,051-519-4642,금정구,금정구에 주민등록을 둔 모든 구민 (등록 외국인 포함),"보험구 청구 사유 발생 시 청구처로 피보험자 또는 법정상속인이 사고접수 및 보험금 청구
 *청구절차: 보험금 청구 문의 > 필요 증빙서류 안내 > 보험금 신청 > 보험금 지급심사 > 보험금 지급
 *자세한 사항은 한국지방재정공제회에 문의해 주세요.",https://www.geumjeong.go.kr/index.geumj?menuCd=DOM_000000129001001009,147267040,20250201,20260131,화상 진단위로금(수술비),화상을 입고 그 치료를 직접적인 목적으로 수술을 받을 때,100,20250206
부산광역시 연제구,연제구 구민안전보험,도시안전과,051-665-4647,연제구,연제구에 주민등록을 둔 모든 구민(등록 외국인 포함),"보험금 청구 사유 발생 시 보험사로 피보험자 또는 법정상속인이 사고 접수 및 보험금 청구
*자세한 사항은 보험사 ☎ 1522-3556(디비손해보험 컨소시엄) 에 문의해 주세요.",https://www.yeonje.go.kr/portal/contents.do?mId=0605050600,97103520,20240801,20250731,화상 진단위로금(수술비),상해로 화상을 입고 병원 또는  의원 등에서 수술을 받은 경우(심재성 2도 이상),100,20240902
부산광역시 수영구,수영구 어린이 안전보험,안전관리과,051-610-4646,수영구,"수영구에 주민등록을 둔 13세 미만 어린이 (등록외국인, 외국국적동포 포함)","보험금 청구 사유 발생 시 청구처로 구비서류를 법정대리인이 작성 후 친권자가 서명하여 보험금 청구
*청구절차: 보험금 청구 문의 > 필요 증빙서류 안내 > 보험금 신청 > 보험금 지급심사 > 보험금 지급
*자세한 사항은 하나손해보험(주) 접수창구(☎02-6714-6835)에 문의해 주세요.",https://www.suyeong.go.kr/safe/index.suyeong?menuCd=DOM_000001005010000000,104430220,20250101,20251231,화상 진단위로금(수술비),13세 미만 어린이가 급격하고도 우연한 외래의 사고로 신체에 상해를 입고 그 직접적인 결과로 화상분류표에 정한 화상(심재성 2도 이상)으로 진단 확정된 경우 ,20,20250212
부산광역시 사상구,사상구 구민안전보험,안전총괄과,051-310-4637,사상구,사상구에 주민등록을 둔 모든 군민 (등록 외국인 포함),보험구 청구 사유 발생 시 통합상담센터(☎1522-3556)에 문의 후 사고접수 및 서류제출(팩스 또는 우편 제출),https://www.sasang.go.kr/index.sasang?menuCd=DOM_000000108014000000,74864680,20250201,20260131,자연재난 사망,"자연재해(일사병, 열사병 포함)로 사망한 경우(만 15세미만 제외)",500,20250213
부산광역시 사상구,사상구 구민안전보험,안전총괄과,051-310-4637,사상구,사상구에 주민등록을 둔 모든 군민 (등록 외국인 포함),보험구 청구 사유 발생 시 통합상담센터(☎1522-3556)에 문의 후 사고접수 및 서류제출(팩스 또는 우편 제출),https://www.sasang.go.kr/index.sasang?menuCd=DOM_000000108014000000,74864680,20250201,20260131,자연재난 후유장해,"자연재해(일사병, 열사병 포함)로 후유장해가 발생한 경우",500,20250213
부산광역시 사상구,사상구 구민안전보험,안전총괄과,051-310-4637,사상구,사상구에 주민등록을 둔 모든 군민 (등록 외국인 포함),보험구 청구 사유 발생 시 통합상담센터(☎1522-3556)에 문의 후 사고접수 및 서류제출(팩스 또는 우편 제출),https://www.sasang.go.kr/index.sasang?menuCd=DOM_000000108014000000,74864680,20250201,20260131,화상 진단위로금(수술비),상해로 화상을 입고 수술을 받은 경우,150,20250213
부산광역시 사상구,사상구 구민안전보험,안전총괄과,051-310-4637,사상구,사상구에 주민등록을 둔 모든 군민 (등록 외국인 포함),보험구 청구 사유 발생 시 통합상담센터(☎1522-3556)에 문의 후 사고접수 및 서류제출(팩스 또는 우편 제출),https://www.sasang.go.kr/index.sasang?menuCd=DOM_000000108014000000,74864680,20250201,20260131,사회재난 사망,사회재난(감염병 제외)로 사망한 경우(만 15세미만 제외),500,20250213
부산광역시 사상구,사상구 구민안전보험,안전총괄과,051-310-4637,사상구,사상구에 주민등록을 둔 모든 군민 (등록 외국인 포함),보험구 청구 사유 발생 시 통합상담센터(☎1522-3556)에 문의 후 사고접수 및 서류제출(팩스 또는 우편 제출),https://www.sasang.go.kr/index.sasang?menuCd=DOM_000000108014000000,74864680,20250201,20260131,사회재난 후유장해,사회재난(감염병 제외)로 후유장해가 발생한 경우,500,20250213
광주광역시 서구,동구민 생활안전보험,주민안전담당관,062-608-2803,광주광역시 동구청,동구에 주민등록을 둔 모든 구민(등록 외국인 포함),"보험구 청구 사유 발생 시 청구처로 피보험자 또는 법정상속인이 사고접수 및 보험금 청구
  *청구절차: 보험금 청구 문의 > 필요 증빙서류 안내 > 보험금 신청 > 보험금 지급심사 > 보험금 지급
  *자세한 사항은 시민안전보험 통합상담센터에 문의해 주세요.",https://www.donggu.kr/index.es?sid=a1,49113410,20250101,20251231,화상 진단위로금(수술비),상해로 화상을 입고 수술을 받은 경우,100,20250401
광주광역시 남구,서구 구민안전보험,안전총괄과,062-360-7538,광주광역시 서구,서구에 주민등록을 둔 모든 군민 (등록 외국인 포함),"보험구 청구 사유 발생 시 청구처로 피보험자 또는 법정상속인이 사고접수 및 보험금 청구
  *청구절차: 보험금 청구 문의 > 필요 증빙서류 안내 > 보험금 신청 > 보험금 지급심사 > 보험금 지급
  *자세한 사항은 시민안전보험 통합상담센터(☎1522-3556)에 문의해 주세요.
  *화재폭발붕괴사고 상해사망,후유장해는 2025년 3월 1일부터 보장",https://www.seogu.gwangju.kr/menu.es?mid=a10306130000,93663890,20250201,20260131,"화재,붕괴,폭발 사망","서구민이 화재,붕괴,폭발 사망사고로 사망한 경우(만15세 미만자 제외) *타 보험가입 여부와 관계없이 중복보상",250,20250310
광주광역시 남구,서구 구민안전보험,안전총괄과,062-360-7538,광주광역시 서구,서구에 주민등록을 둔 모든 군민 (등록 외국인 포함),"보험구 청구 사유 발생 시 청구처로 피보험자 또는 법정상속인이 사고접수 및 보험금 청구
  *청구절차: 보험금 청구 문의 > 필요 증빙서류 안내 > 보험금 신청 > 보험금 지급심사 > 보험금 지급
  *자세한 사항은 시민안전보험 통합상담센터(☎1522-3556)에 문의해 주세요.
  *화재폭발붕괴사고 상해사망,후유장해는 2025년 3월 1일부터 보장",https://www.seogu.gwangju.kr/menu.es?mid=a10306130000,93663890,20250201,20260131,"화재,붕괴,폭발 후유장해","서구민이 화재,붕괴,폭발 사망사고로 3%~10%의 후유장해가 발생한 경우 *타 보험가입 여부와 관계없이 중복보상",250,20250310
광주광역시 남구,서구 구민안전보험,안전총괄과,062-360-7538,광주광역시 서구,서구에 주민등록을 둔 모든 군민 (등록 외국인 포함),"보험구 청구 사유 발생 시 청구처로 피보험자 또는 법정상속인이 사고접수 및 보험금 청구
  *청구절차: 보험금 청구 문의 > 필요 증빙서류 안내 > 보험금 신청 > 보험금 지급심사 > 보험금 지급
  *자세한 사항은 시민안전보험 통합상담센터(☎1522-3556)에 문의해 주세요.
  *화재폭발붕괴사고 상해사망,후유장해는 2025년 3월 1일부터 보장",https://www.seogu.gwangju.kr/menu.es?mid=a10306130000,93663890,20250201,20260131,화상 진단위로금(수술비),서구민이 상해로 화상을 입고 병원 또는 의원 등에서 수술을 받은 경우 *타 보험가입 여부와 관계없이 중복보상(수술1회당),100,20250310
광주광역시 북구,2025년 남구 구민안전보험,안전총괄과,062-607-2954,광주광역시 남구청,남구민,"○ 보험금 청구 : 보험사 문의
  ► 청구사유 발생 시 사고일로부터 3년 이내 본인 또는 가족이 보험사 직접 청구
  ► 청구 시 증빙서류(공통서류+기타 필요서류)를 첨부하여 보험사에 청구
   - 보험청구(서류 포함) 문의 : 보험사 통합고객센터(☏ 1522-3556)
   - 기타문의 : 안전총괄과(062-607-2954)",https://www.namgu.gwangju.kr/menu.es?mid=a10507080000,44636270,20250331,20260330,자연재난 사망,"자연재해(일사병, 열사병포함)로 인해 사망한 경우(만15세 미만자 제외)",200,20250423
광주광역시 북구,2025년 남구 구민안전보험,안전총괄과,062-607-2954,광주광역시 남구청,남구민,"○ 보험금 청구 : 보험사 문의
  ► 청구사유 발생 시 사고일로부터 3년 이내 본인 또는 가족이 보험사 직접 청구
  ► 청구 시 증빙서류(공통서류+기타 필요서류)를 첨부하여 보험사에 청구
   - 보험청구(서류 포함) 문의 : 보험사 통합고객센터(☏ 1522-3556)
   - 기타문의 : 안전총괄과(062-607-2954)",https://www.namgu.gwangju.kr/menu.es?mid=a10507080000,44636270,20250331,20260330,자연재난 후유장해,"자연재해(일사병, 열사병포함)로 인한 사고로 3%~100%의 상해 후유장해가 발생 한 경우",200,20250423
광주광역시 북구,2025년 남구 구민안전보험,안전총괄과,062-607-2954,광주광역시 남구청,남구민,"○ 보험금 청구 : 보험사 문의
  ► 청구사유 발생 시 사고일로부터 3년 이내 본인 또는 가족이 보험사 직접 청구
  ► 청구 시 증빙서류(공통서류+기타 필요서류)를 첨부하여 보험사에 청구
   - 보험청구(서류 포함) 문의 : 보험사 통합고객센터(☏ 1522-3556)
   - 기타문의 : 안전총괄과(062-607-2954)",https://www.namgu.gwangju.kr/menu.es?mid=a10507080000,44636270,20250331,20260330,화상 진단위로금(수술비),상해로 화상을 입고 병원 또는 의원 등에서 수술을 받은 경우(수술 1회당),50,20250423
광주광역시 북구,2025년 남구 구민안전보험,안전총괄과,062-607-2954,광주광역시 남구청,남구민,"○ 보험금 청구 : 보험사 문의
  ► 청구사유 발생 시 사고일로부터 3년 이내 본인 또는 가족이 보험사 직접 청구
  ► 청구 시 증빙서류(공통서류+기타 필요서류)를 첨부하여 보험사에 청구
   - 보험청구(서류 포함) 문의 : 보험사 통합고객센터(☏ 1522-3556)
   - 기타문의 : 안전총괄과(062-607-2954)",https://www.namgu.gwangju.kr/menu.es?mid=a10507080000,44636270,20250331,20260330,사회재난 사망,사회재난(감염병 제외)으로 인하여 사망한 경우(만15세 미만자 제외),200,20250423
광주광역시 북구,2025년 남구 구민안전보험,안전총괄과,062-607-2954,광주광역시 남구청,남구민,"○ 보험금 청구 : 보험사 문의
  ► 청구사유 발생 시 사고일로부터 3년 이내 본인 또는 가족이 보험사 직접 청구
  ► 청구 시 증빙서류(공통서류+기타 필요서류)를 첨부하여 보험사에 청구
   - 보험청구(서류 포함) 문의 : 보험사 통합고객센터(☏ 1522-3556)
   - 기타문의 : 안전총괄과(062-607-2954)",https://www.namgu.gwangju.kr/menu.es?mid=a10507080000,44636270,20250331,20260330,사회재난 후유장해,사회재난(감염병 제외)으로 인하여 3%~100%의 상해 후유장해가 발생 한 경우,200,20250423
광주광역시 광산구,북구민 생활안전보험,안전총괄과,062-410-6758,광주광역시 북구,광주 북구에 주민등록을 둔 모든 구민 (등록 외국인 포함),"보험구 청구 사유 발생 시 청구처로 피보험자
또는 법정상속인이 사고접수 및 보험금 청구
*청구절차: 보험금 청구 문의 → 필요 증빙서류 안내 → 보험금 신청 → 보험금 지급심사 및 지급",https://bukgu.gwangju.kr/board.es?mid=a10201010000&bid=0114&act=view&list_no=13471,119890710,20250218,20260217,"화재,붕괴,폭발 사망","폭발, 화재, 붕괴, 감전, 산사태 사고로 상해 사망한 경우(사망 : 15세 미만자 제외)",500,20250306
광주광역시 광산구,북구민 생활안전보험,안전총괄과,062-410-6758,광주광역시 북구,광주 북구에 주민등록을 둔 모든 구민 (등록 외국인 포함),"보험구 청구 사유 발생 시 청구처로 피보험자
또는 법정상속인이 사고접수 및 보험금 청구
*청구절차: 보험금 청구 문의 → 필요 증빙서류 안내 → 보험금 신청 → 보험금 지급심사 및 지급",https://bukgu.gwangju.kr/board.es?mid=a10201010000&bid=0114&act=view&list_no=13471,119890710,20250218,20260217,"화재,붕괴,폭발 후유장해","폭발, 화재, 붕괴, 감전, 산사태 사고로 3%~100%의 상해 후유장해가 발생한 경우",500,20250306
광주광역시 광산구,북구민 생활안전보험,안전총괄과,062-410-6758,광주광역시 북구,광주 북구에 주민등록을 둔 모든 구민 (등록 외국인 포함),"보험구 청구 사유 발생 시 청구처로 피보험자
또는 법정상속인이 사고접수 및 보험금 청구
*청구절차: 보험금 청구 문의 → 필요 증빙서류 안내 → 보험금 신청 → 보험금 지급심사 및 지급",https://bukgu.gwangju.kr/board.es?mid=a10201010000&bid=0114&act=view&list_no=13471,119890710,20250218,20260217,화상 진단위로금(수술비),상해로 화상(심도2도)을 입고 병원 또는 의원 등에서 수술을 받은 경우,100,20250306
울산광역시 남구,구민안전보험,안전총괄과,052-290-4055,중구,중구에 주민등록을 두고 거주하는 모든 구민(외국인등록자 포함),"보험금 청구 사유 발생 시 청구처로 피보험자 또는 법정상속인이 사고접수 및 보험금 청구
 *청구절차: 보험금 청구 문의 > 필요 증빙서류 안내 > 보험금 신청 > 보험금 지급심사 > 보험금 지급
 *자세한 사항은 한국지방재정공제회에 문의해 주세요.",http://www.xn--2e0b987almezscbyg.xn--3e0b707e/,101000000,20250101,20251231,자연재난 사망,"자연재해(일사병, 열사병, 저체온증 포함)로 인해 사망한 경우(만 15세 미만자 제외)",2000,20250113
울산광역시 남구,구민안전보험,안전총괄과,052-290-4055,중구,중구에 주민등록을 두고 거주하는 모든 구민(외국인등록자 포함),"보험금 청구 사유 발생 시 청구처로 피보험자 또는 법정상속인이 사고접수 및 보험금 청구
 *청구절차: 보험금 청구 문의 > 필요 증빙서류 안내 > 보험금 신청 > 보험금 지급심사 > 보험금 지급
 *자세한 사항은 한국지방재정공제회에 문의해 주세요.",http://www.xn--2e0b987almezscbyg.xn--3e0b707e/,101000000,20250101,20251231,"화재,붕괴,폭발 사망","폭발, 화재, 붕괴, 사태 사고로 상해 사망한 경우(만 15세 미만자 제외)",2000,20250113
울산광역시 남구,구민안전보험,안전총괄과,052-290-4055,중구,중구에 주민등록을 두고 거주하는 모든 구민(외국인등록자 포함),"보험금 청구 사유 발생 시 청구처로 피보험자 또는 법정상속인이 사고접수 및 보험금 청구
 *청구절차: 보험금 청구 문의 > 필요 증빙서류 안내 > 보험금 신청 > 보험금 지급심사 > 보험금 지급
 *자세한 사항은 한국지방재정공제회에 문의해 주세요.",http://www.xn--2e0b987almezscbyg.xn--3e0b707e/,101000000,20250101,20251231,"화재,붕괴,폭발 후유장해","폭발, 화재, 붕괴, 사태 사고로 3~100%의 상해 후유장해가 발생한 경우",2000,20250113
울산광역시 남구,구민안전보험,안전총괄과,052-290-4055,중구,중구에 주민등록을 두고 거주하는 모든 구민(외국인등록자 포함),"보험금 청구 사유 발생 시 청구처로 피보험자 또는 법정상속인이 사고접수 및 보험금 청구
 *청구절차: 보험금 청구 문의 > 필요 증빙서류 안내 > 보험금 신청 > 보험금 지급심사 > 보험금 지급
 *자세한 사항은 한국지방재정공제회에 문의해 주세요.",http://www.xn--2e0b987almezscbyg.xn--3e0b707e/,101000000,20250101,20251231,사회재난 사망,사회재난(감염병 제외)으로 인해 사망한 경우(만15세 미만자 에외),1000,20250113
울산광역시 동구,남구 구민안전보험,안전총괄과,052-226-3512,울산 남구,남구에 주민등록을 둔 모든 구민 (등록 외국인 포함),"보험금 청구 사유 발생 시 청구처로 피보험자 또는 법정상속인이 사고접수 및 보험금 청구
 *청구절차: 보험금 청구 문의 > 필요 증빙서류 안내 > 보험금 신청 > 보험금 지급심사 > 보험금 지급
 *자세한 사항은 한국지방재정공제회에 문의해 주세요.",https://www.ulsannamgu.go.kr/easyMain/mainPage.do,149689000,20250101,20251231,자연재난 사망,"자연재해(일사병, 열사병, 저체온증 포함)로 사망한 경우",2000,20250304
울산광역시 동구,남구 구민안전보험,안전총괄과,052-226-3512,울산 남구,남구에 주민등록을 둔 모든 구민 (등록 외국인 포함),"보험금 청구 사유 발생 시 청구처로 피보험자 또는 법정상속인이 사고접수 및 보험금 청구
 *청구절차: 보험금 청구 문의 > 필요 증빙서류 안내 > 보험금 신청 > 보험금 지급심사 > 보험금 지급
 *자세한 사항은 한국지방재정공제회에 문의해 주세요.",https://www.ulsannamgu.go.kr/easyMain/mainPage.do,149689000,20250101,20251231,"화재,붕괴,폭발 사망","폭발, 화재, 붕괴 사고로 상해 사망한 경우",2000,20250304
울산광역시 동구,남구 구민안전보험,안전총괄과,052-226-3512,울산 남구,남구에 주민등록을 둔 모든 구민 (등록 외국인 포함),"보험금 청구 사유 발생 시 청구처로 피보험자 또는 법정상속인이 사고접수 및 보험금 청구
 *청구절차: 보험금 청구 문의 > 필요 증빙서류 안내 > 보험금 신청 > 보험금 지급심사 > 보험금 지급
 *자세한 사항은 한국지방재정공제회에 문의해 주세요.",https://www.ulsannamgu.go.kr/easyMain/mainPage.do,149689000,20250101,20251231,"화재,붕괴,폭발 후유장해","폭발, 화재, 붕괴 사고로 3~100%의 상해 후유장해가 발생한 경우",2000,20250304
울산광역시 동구,남구 구민안전보험,안전총괄과,052-226-3512,울산 남구,남구에 주민등록을 둔 모든 구민 (등록 외국인 포함),"보험금 청구 사유 발생 시 청구처로 피보험자 또는 법정상속인이 사고접수 및 보험금 청구
 *청구절차: 보험금 청구 문의 > 필요 증빙서류 안내 > 보험금 신청 > 보험금 지급심사 > 보험금 지급
 *자세한 사항은 한국지방재정공제회에 문의해 주세요.",https://www.ulsannamgu.go.kr/easyMain/mainPage.do,149689000,20250101,20251231,사회재난 사망,사회재난으로 사망한 경우,1000,20250304
울산광역시 북구,동구 구민생활안전보험,안전총괄과,052-209-3672,울산광역시 동구,울산 동구에 주민등록을 둔 모든 구민(등록외국인 포함),"보험금 청구 사유 발생 시 청구처로 피보험자 또는 법정상속인이 사고접수 및 보험금 청구
 *청구절차: 보험금 청구 문의 > 필요 증빙서류 안내 > 보험금 신청 > 보험금 지급심사 > 보험금 지급
 *자세한 사항은 한국지방재정공제회에 문의해 주세요.",https://www.donggu.ulsan.kr/,77763230,20250101,20251231,자연재난 사망,"자연재해(일사병,열사병,저체온증 포함)로 사망한 경우",2000,20250324
울산광역시 북구,동구 구민생활안전보험,안전총괄과,052-209-3672,울산광역시 동구,울산 동구에 주민등록을 둔 모든 구민(등록외국인 포함),"보험금 청구 사유 발생 시 청구처로 피보험자 또는 법정상속인이 사고접수 및 보험금 청구
 *청구절차: 보험금 청구 문의 > 필요 증빙서류 안내 > 보험금 신청 > 보험금 지급심사 > 보험금 지급
 *자세한 사항은 한국지방재정공제회에 문의해 주세요.",https://www.donggu.ulsan.kr/,77763230,20250101,20251231,"화재,붕괴,폭발 사망","폭발,화재,붕괴 사고로 상해 사망한 경우",2000,20250324
울산광역시 북구,동구 구민생활안전보험,안전총괄과,052-209-3672,울산광역시 동구,울산 동구에 주민등록을 둔 모든 구민(등록외국인 포함),"보험금 청구 사유 발생 시 청구처로 피보험자 또는 법정상속인이 사고접수 및 보험금 청구
 *청구절차: 보험금 청구 문의 > 필요 증빙서류 안내 > 보험금 신청 > 보험금 지급심사 > 보험금 지급
 *자세한 사항은 한국지방재정공제회에 문의해 주세요.",https://www.donggu.ulsan.kr/,77763230,20250101,20251231,"화재,붕괴,폭발 후유장해","폭발,화재,붕괴 사고로 상해의 직접결과 후유장해가 발생한 경우",2000,20250324
울산광역시 북구,동구 구민생활안전보험,안전총괄과,052-209-3672,울산광역시 동구,울산 동구에 주민등록을 둔 모든 구민(등록외국인 포함),"보험금 청구 사유 발생 시 청구처로 피보험자 또는 법정상속인이 사고접수 및 보험금 청구
 *청구절차: 보험금 청구 문의 > 필요 증빙서류 안내 > 보험금 신청 > 보험금 지급심사 > 보험금 지급
 *자세한 사항은 한국지방재정공제회에 문의해 주세요.",https://www.donggu.ulsan.kr/,77763230,20250101,20251231,사회재난 사망,사회재난으로 사망한 경우,2000,20250324
울산광역시 울주군,북구 구민안전보험,안전총괄과,052-241-7895,울산 북구,울산 북구에 주민등록을 둔 모든 구민(등록 외국인 포함),"보험금 청구 사유 발생 시 청구처로 피보험자 또는 법정상속인이 사고접수 및 보험금 청구
 *청구절차: 보험금 청구 문의 > 필요 증빙서류 안내 > 보험금 신청 > 보험금 지급심사 > 보험금 지급
 *자세한 사항은 한국지방재정공제회에 문의해 주세요.",https://www.bukgu.ulsan.kr/lay1/bbs/S1T2133C2235/A/554/view.do?article_seq=299175&cpage=1&rows=10&condition=&keyword=,85189310,20250101,20251231,자연재난 사망,"구민이 자연재해(일사병, 열사병 포함)로 사망한 경우(15세 미만자 제외)",2000,20250220
울산광역시 울주군,북구 구민안전보험,안전총괄과,052-241-7895,울산 북구,울산 북구에 주민등록을 둔 모든 구민(등록 외국인 포함),"보험금 청구 사유 발생 시 청구처로 피보험자 또는 법정상속인이 사고접수 및 보험금 청구
 *청구절차: 보험금 청구 문의 > 필요 증빙서류 안내 > 보험금 신청 > 보험금 지급심사 > 보험금 지급
 *자세한 사항은 한국지방재정공제회에 문의해 주세요.",https://www.bukgu.ulsan.kr/lay1/bbs/S1T2133C2235/A/554/view.do?article_seq=299175&cpage=1&rows=10&condition=&keyword=,85189310,20250101,20251231,자연재난 후유장해,"구민이 자연재해(일사병, 열사병, 저체온증 포함)로 3~100%의 상해후유장해가 발생한 경우",1000,20250220
울산광역시 울주군,북구 구민안전보험,안전총괄과,052-241-7895,울산 북구,울산 북구에 주민등록을 둔 모든 구민(등록 외국인 포함),"보험금 청구 사유 발생 시 청구처로 피보험자 또는 법정상속인이 사고접수 및 보험금 청구
 *청구절차: 보험금 청구 문의 > 필요 증빙서류 안내 > 보험금 신청 > 보험금 지급심사 > 보험금 지급
 *자세한 사항은 한국지방재정공제회에 문의해 주세요.",https://www.bukgu.ulsan.kr/lay1/bbs/S1T2133C2235/A/554/view.do?article_seq=299175&cpage=1&rows=10&condition=&keyword=,85189310,20250101,20251231,"화재,붕괴,폭발 사망","구민이 폭발, 화재, 붕괴사태 사고로 상해 사망한 경우(15세 미만자 제외)",2000,20250220
울산광역시 울주군,북구 구민안전보험,안전총괄과,052-241-7895,울산 북구,울산 북구에 주민등록을 둔 모든 구민(등록 외국인 포함),"보험금 청구 사유 발생 시 청구처로 피보험자 또는 법정상속인이 사고접수 및 보험금 청구
 *청구절차: 보험금 청구 문의 > 필요 증빙서류 안내 > 보험금 신청 > 보험금 지급심사 > 보험금 지급
 *자세한 사항은 한국지방재정공제회에 문의해 주세요.",https://www.bukgu.ulsan.kr/lay1/bbs/S1T2133C2235/A/554/view.do?article_seq=299175&cpage=1&rows=10&condition=&keyword=,85189310,20250101,20251231,"화재,붕괴,폭발 후유장해","구민이 폭발, 화재, 붕괴사태 사고로 3~100%의 상해후유장해가 발생한 경우",2000,20250220
울산광역시 울주군,북구 구민안전보험,안전총괄과,052-241-7895,울산 북구,울산 북구에 주민등록을 둔 모든 구민(등록 외국인 포함),"보험금 청구 사유 발생 시 청구처로 피보험자 또는 법정상속인이 사고접수 및 보험금 청구
 *청구절차: 보험금 청구 문의 > 필요 증빙서류 안내 > 보험금 신청 > 보험금 지급심사 > 보험금 지급
 *자세한 사항은 한국지방재정공제회에 문의해 주세요.",https://www.bukgu.ulsan.kr/lay1/bbs/S1T2133C2235/A/554/view.do?article_seq=299175&cpage=1&rows=10&condition=&keyword=,85189310,20250101,20251231,사회재난 사망,구민이 사회재난(재난상황으로 보고된 건에 한함)으로 사망한 경우(15세 미만자 제외),2000,20250220
울산광역시 울주군,북구 구민안전보험,안전총괄과,052-241-7895,울산 북구,울산 북구에 주민등록을 둔 모든 구민(등록 외국인 포함),"보험금 청구 사유 발생 시 청구처로 피보험자 또는 법정상속인이 사고접수 및 보험금 청구
 *청구절차: 보험금 청구 문의 > 필요 증빙서류 안내 > 보험금 신청 > 보험금 지급심사 > 보험금 지급
 *자세한 사항은 한국지방재정공제회에 문의해 주세요.",https://www.bukgu.ulsan.kr/lay1/bbs/S1T2133C2235/A/554/view.do?article_seq=299175&cpage=1&rows=10&condition=&keyword=,85189310,20250101,20251231,사회재난 후유장해,구민이 사회재난(재난상황으로 보고된 건에 한함)으로3~100%의 상해후유장해가 발생한 경우,1000,20250220
경기도 고양시,2025년 고양시 시민안전보험,재난대응담당관,031-8075-3012,고양시,고양시민,▲사고 발생 ▲보험사 통합상담센터 전화 문의(☎1522-3556) ▲청구서‧필요서류 접수해 보험금 신청 ▲청구내용심사(필요시 사고조사) ▲보험금 지급 ,https://www.goyang.go.kr,300000000,20250101,20251231,자연재난 사망,고양시민이 자연재난으로 사망한 경우(만 15세 미만자 제외),1000,20250103
경기도 고양시,2025년 고양시 시민안전보험,재난대응담당관,031-8075-3012,고양시,고양시민,▲사고 발생 ▲보험사 통합상담센터 전화 문의(☎1522-3556) ▲청구서‧필요서류 접수해 보험금 신청 ▲청구내용심사(필요시 사고조사) ▲보험금 지급 ,https://www.goyang.go.kr,300000000,20250101,20251231,자연재난 후유장해,고양시민이 자연재난으로 후유장해가 발생한 경우,1000,20250103
경기도 고양시,2025년 고양시 시민안전보험,재난대응담당관,031-8075-3012,고양시,고양시민,▲사고 발생 ▲보험사 통합상담센터 전화 문의(☎1522-3556) ▲청구서‧필요서류 접수해 보험금 신청 ▲청구내용심사(필요시 사고조사) ▲보험금 지급 ,https://www.goyang.go.kr,300000000,20250101,20251231,"화재,붕괴,폭발 사망","폭발, 화재, 붕괴, 산사태 사고로 상해 사망한 경우(만 15세 미만자 제외)",2000,20250103
경기도 고양시,2025년 고양시 시민안전보험,재난대응담당관,031-8075-3012,고양시,고양시민,▲사고 발생 ▲보험사 통합상담센터 전화 문의(☎1522-3556) ▲청구서‧필요서류 접수해 보험금 신청 ▲청구내용심사(필요시 사고조사) ▲보험금 지급 ,https://www.goyang.go.kr,300000000,20250101,20251231,"화재,붕괴,폭발 후유장해","폭발, 화재, 붕괴, 산사태 사고로 상해 후유장해가 발생한 경우",1000,20250103
경기도 고양시,2025년 고양시 시민안전보험,재난대응담당관,031-8075-3012,고양시,고양시민,▲사고 발생 ▲보험사 통합상담센터 전화 문의(☎1522-3556) ▲청구서‧필요서류 접수해 보험금 신청 ▲청구내용심사(필요시 사고조사) ▲보험금 지급 ,https://www.goyang.go.kr,300000000,20250101,20251231,사회재난 사망,고양시민이 사회재난으로 사망한 경우(만 15세 미만자 제외),2000,20250103
경기도 고양시,2025년 고양시 시민안전보험,재난대응담당관,031-8075-3012,고양시,고양시민,▲사고 발생 ▲보험사 통합상담센터 전화 문의(☎1522-3556) ▲청구서‧필요서류 접수해 보험금 신청 ▲청구내용심사(필요시 사고조사) ▲보험금 지급 ,https://www.goyang.go.kr,300000000,20250101,20251231,사회재난 후유장해,고양시민이 사회재난으로 상해 후유장해가 발생한 경우,1000,20250103
경기도 용인시,성남시 시민안전보험,재난안전관,031-729-3534,성남시,성남시에 주민등록을 둔 모든 시민(외국인 포함),"보험구 청구 사유 발생 시 청구처로 피보험자 또는 법정상속인이 사고접수 및 보험금 청구
  *청구절차: 보험금 청구 문의 > 필요 증빙서류 안내 > 보험금 신청 > 보험금 지급심사 > 보험금 지급
  *자세한 사항은 시민안전보험 통합상담센터에 문의해 주세요.",https://www.seongnam.go.kr/city/1001554/11052/contents.do,215821870,20250201,20260131,자연재난 사망,"자연재해(일사병, 열사병, 포함)로 사망한 경우(15세 미만자 제외)",1000,20250127
경기도 용인시,성남시 시민안전보험,재난안전관,031-729-3534,성남시,성남시에 주민등록을 둔 모든 시민(외국인 포함),"보험구 청구 사유 발생 시 청구처로 피보험자 또는 법정상속인이 사고접수 및 보험금 청구
  *청구절차: 보험금 청구 문의 > 필요 증빙서류 안내 > 보험금 신청 > 보험금 지급심사 > 보험금 지급
  *자세한 사항은 시민안전보험 통합상담센터에 문의해 주세요.",https://www.seongnam.go.kr/city/1001554/11052/contents.do,215821870,20250201,20260131,자연재난 후유장해,자연재해로 인해 3%~100%의 후유장해가 발생한 경우,1000,20250127
경기도 용인시,성남시 시민안전보험,재난안전관,031-729-3534,성남시,성남시에 주민등록을 둔 모든 시민(외국인 포함),"보험구 청구 사유 발생 시 청구처로 피보험자 또는 법정상속인이 사고접수 및 보험금 청구
  *청구절차: 보험금 청구 문의 > 필요 증빙서류 안내 > 보험금 신청 > 보험금 지급심사 > 보험금 지급
  *자세한 사항은 시민안전보험 통합상담센터에 문의해 주세요.",https://www.seongnam.go.kr/city/1001554/11052/contents.do,215821870,20250201,20260131,"화재,붕괴,폭발 사망","폭발, 화재, 붕괴 사고로 상해 사망한 경우(15세 미만자 제외)",1000,20250127
경기도 용인시,성남시 시민안전보험,재난안전관,031-729-3534,성남시,성남시에 주민등록을 둔 모든 시민(외국인 포함),"보험구 청구 사유 발생 시 청구처로 피보험자 또는 법정상속인이 사고접수 및 보험금 청구
  *청구절차: 보험금 청구 문의 > 필요 증빙서류 안내 > 보험금 신청 > 보험금 지급심사 > 보험금 지급
  *자세한 사항은 시민안전보험 통합상담센터에 문의해 주세요.",https://www.seongnam.go.kr/city/1001554/11052/contents.do,215821870,20250201,20260131,"화재,붕괴,폭발 후유장해","폭발, 화재, 붕괴 사고로 3%~100%의 상해후유장해가 발생한 경우",1000,20250127
경기도 용인시,성남시 시민안전보험,재난안전관,031-729-3534,성남시,성남시에 주민등록을 둔 모든 시민(외국인 포함),"보험구 청구 사유 발생 시 청구처로 피보험자 또는 법정상속인이 사고접수 및 보험금 청구
  *청구절차: 보험금 청구 문의 > 필요 증빙서류 안내 > 보험금 신청 > 보험금 지급심사 > 보험금 지급
  *자세한 사항은 시민안전보험 통합상담센터에 문의해 주세요.",https://www.seongnam.go.kr/city/1001554/11052/contents.do,215821870,20250201,20260131,사회재난 사망,성남시민이  사회재난(감염병 제외)으로 인하여 사망한 경우(15세미만자 제외),1000,20250127
경기도 김포시,의정부시 생활안전보험,시민안전과,031-828-4954,의정부시,의정부시민,청구 사유 발생 시 보험사(상담 접수 센터: 1522-3556)에 문의,https://www.ui4u.go.kr/depart/contents.do?mId=0808000000,277967900,20240702,20250701,자연재난 사망,"의정부시민이 자연재해(일사병, 열사병 포함)로 인해  사망한 경우 (만15세 미만자 제외)",1000,20250428
경기도 김포시,의정부시 생활안전보험,시민안전과,031-828-4954,의정부시,의정부시민,청구 사유 발생 시 보험사(상담 접수 센터: 1522-3556)에 문의,https://www.ui4u.go.kr/depart/contents.do?mId=0808000000,277967900,20240702,20250701,"화재,붕괴,폭발 사망",의정부시민이 폭발․화재․붕괴․산사태 사고로  상해 사망한 경우 (만15세 미만자 제외),2000,20250428
경기도 김포시,의정부시 생활안전보험,시민안전과,031-828-4954,의정부시,의정부시민,청구 사유 발생 시 보험사(상담 접수 센터: 1522-3556)에 문의,https://www.ui4u.go.kr/depart/contents.do?mId=0808000000,277967900,20240702,20250701,"화재,붕괴,폭발 후유장해",의정부시민이 폭발․화재․붕괴․산사태 사고로  3~100% 상해 후유장해가 발생한 경우,2000,20250428
경기도 김포시,의정부시 생활안전보험,시민안전과,031-828-4954,의정부시,의정부시민,청구 사유 발생 시 보험사(상담 접수 센터: 1522-3556)에 문의,https://www.ui4u.go.kr/depart/contents.do?mId=0808000000,277967900,20240702,20250701,화상 진단위로금(수술비),의정부시민이 상해로 화상을 입고 병원 또는 의원 등에서 수술을 받은 경우 (수술 1회 당),150,20250428
경기도 김포시,의정부시 생활안전보험,시민안전과,031-828-4954,의정부시,의정부시민,청구 사유 발생 시 보험사(상담 접수 센터: 1522-3556)에 문의,https://www.ui4u.go.kr/depart/contents.do?mId=0808000000,277967900,20240702,20250701,사회재난 사망,의정부시민이 사회재난(감염병 제외)로 인해 사망한 경우 (만15세 미만자 제외),1000,20250428
경기도 화성시,2025년 안양시 시민안전보험,안양시 안전정책과,031-8045-5775,안양시,안양시민,"청구 시기 : 보험 보장 기간중 발생한 사고에 대하여 발생일로부터 3년 이내
청구 절차 : 청구 사유 발생시 피보험자 또는 법정상속인이 보험사에 청구서 및 구비서류 제출하여 직접청구
청구서 양식 : 안양시 홈페이지

보험문의 : ☎1522-3556(케이비손해보험 컨소시엄)",https://www.anyang.go.kr/main/contents.do?key=5144,325182250,20250319,20260318,자연재난 사망,"자연재해(일사병,열사병 포함)로 사망한 경우",1000,20250325
경기도 화성시,2025년 안양시 시민안전보험,안양시 안전정책과,031-8045-5775,안양시,안양시민,"청구 시기 : 보험 보장 기간중 발생한 사고에 대하여 발생일로부터 3년 이내
청구 절차 : 청구 사유 발생시 피보험자 또는 법정상속인이 보험사에 청구서 및 구비서류 제출하여 직접청구
청구서 양식 : 안양시 홈페이지

보험문의 : ☎1522-3556(케이비손해보험 컨소시엄)",https://www.anyang.go.kr/main/contents.do?key=5144,325182250,20250319,20260318,자연재난 후유장해,"자연재해(일사병,열사병 포함)로 3~100%의 상해후유장해가 발생한 경우",1000,20250325
경기도 화성시,2025년 안양시 시민안전보험,안양시 안전정책과,031-8045-5775,안양시,안양시민,"청구 시기 : 보험 보장 기간중 발생한 사고에 대하여 발생일로부터 3년 이내
청구 절차 : 청구 사유 발생시 피보험자 또는 법정상속인이 보험사에 청구서 및 구비서류 제출하여 직접청구
청구서 양식 : 안양시 홈페이지

보험문의 : ☎1522-3556(케이비손해보험 컨소시엄)",https://www.anyang.go.kr/main/contents.do?key=5144,325182250,20250319,20260318,"화재,붕괴,폭발 사망",화재․붕괴․폭발․산사태로 사망한 경우,1500,20250325
경기도 화성시,2025년 안양시 시민안전보험,안양시 안전정책과,031-8045-5775,안양시,안양시민,"청구 시기 : 보험 보장 기간중 발생한 사고에 대하여 발생일로부터 3년 이내
청구 절차 : 청구 사유 발생시 피보험자 또는 법정상속인이 보험사에 청구서 및 구비서류 제출하여 직접청구
청구서 양식 : 안양시 홈페이지

보험문의 : ☎1522-3556(케이비손해보험 컨소시엄)",https://www.anyang.go.kr/main/contents.do?key=5144,325182250,20250319,20260318,"화재,붕괴,폭발 후유장해",화재․붕괴․폭발․산사태 사고로 3~100%의 상해후유장해 발생한 경우,1500,20250325
경기도 화성시,2025년 안양시 시민안전보험,안양시 안전정책과,031-8045-5775,안양시,안양시민,"청구 시기 : 보험 보장 기간중 발생한 사고에 대하여 발생일로부터 3년 이내
청구 절차 : 청구 사유 발생시 피보험자 또는 법정상속인이 보험사에 청구서 및 구비서류 제출하여 직접청구
청구서 양식 : 안양시 홈페이지

보험문의 : ☎1522-3556(케이비손해보험 컨소시엄)",https://www.anyang.go.kr/main/contents.do?key=5144,325182250,20250319,20260318,화상 진단위로금(수술비),"상해의 직접결과로 인한 화상으로 인해 수술을 받은 경우(심재성2도이상, 수술1회당)",100,20250325
경기도 화성시,2025년 안양시 시민안전보험,안양시 안전정책과,031-8045-5775,안양시,안양시민,"청구 시기 : 보험 보장 기간중 발생한 사고에 대하여 발생일로부터 3년 이내
청구 절차 : 청구 사유 발생시 피보험자 또는 법정상속인이 보험사에 청구서 및 구비서류 제출하여 직접청구
청구서 양식 : 안양시 홈페이지

보험문의 : ☎1522-3556(케이비손해보험 컨소시엄)",https://www.anyang.go.kr/main/contents.do?key=5144,325182250,20250319,20260318,사회재난 사망,사회재난으로 사망한 경우(감염병 제외),1000,20250325
경기도 화성시,2025년 안양시 시민안전보험,안양시 안전정책과,031-8045-5775,안양시,안양시민,"청구 시기 : 보험 보장 기간중 발생한 사고에 대하여 발생일로부터 3년 이내
청구 절차 : 청구 사유 발생시 피보험자 또는 법정상속인이 보험사에 청구서 및 구비서류 제출하여 직접청구
청구서 양식 : 안양시 홈페이지

보험문의 : ☎1522-3556(케이비손해보험 컨소시엄)",https://www.anyang.go.kr/main/contents.do?key=5144,325182250,20250319,20260318,사회재난 후유장해,사회재난으로 3~100%의 상해후유장해가 발생한 경우(감염병 제외),1000,20250325
경기도 포천시,부천시 시민안전보험,재난안전과,032-625-4026,부천시,부천시에 주민등록을 둔 모든 시민 (등록 외국인 포함),"보험금 청구 사유 발생 시 청구처로 피보험자 또는 법정상속인이 사고접수 및 보험금 청구
*청구절차: 보험금 청구 문의 > 필요 증빙서류 안내 > 보험금 신청 > 보험금 지급심사 > 보험금 지급
*자세한 사항은 한국지방재정공제회(1577-5939)에 문의해 주세요.",https://www.lofa.or.kr,140472500,20250301,20260228,자연재난 사망,"자연재해(일사병, 열사병, 저체온증 포함)로 사망한 경우(만15세 미만자 제외)",2000,20250305
경기도 포천시,부천시 시민안전보험,재난안전과,032-625-4026,부천시,부천시에 주민등록을 둔 모든 시민 (등록 외국인 포함),"보험금 청구 사유 발생 시 청구처로 피보험자 또는 법정상속인이 사고접수 및 보험금 청구
*청구절차: 보험금 청구 문의 > 필요 증빙서류 안내 > 보험금 신청 > 보험금 지급심사 > 보험금 지급
*자세한 사항은 한국지방재정공제회(1577-5939)에 문의해 주세요.",https://www.lofa.or.kr,140472500,20250301,20260228,"화재,붕괴,폭발 사망","화재, 폭발, 붕괴로 사망한 경우(사망은 만15세 미만자 제외)",1500,20250305
경기도 포천시,부천시 시민안전보험,재난안전과,032-625-4026,부천시,부천시에 주민등록을 둔 모든 시민 (등록 외국인 포함),"보험금 청구 사유 발생 시 청구처로 피보험자 또는 법정상속인이 사고접수 및 보험금 청구
*청구절차: 보험금 청구 문의 > 필요 증빙서류 안내 > 보험금 신청 > 보험금 지급심사 > 보험금 지급
*자세한 사항은 한국지방재정공제회(1577-5939)에 문의해 주세요.",https://www.lofa.or.kr,140472500,20250301,20260228,"화재,붕괴,폭발 후유장해","화재, 폭발, 붕괴로 상해후유장해 3%~100% 발생시",1500,20250305
경기도 포천시,부천시 시민안전보험,재난안전과,032-625-4026,부천시,부천시에 주민등록을 둔 모든 시민 (등록 외국인 포함),"보험금 청구 사유 발생 시 청구처로 피보험자 또는 법정상속인이 사고접수 및 보험금 청구
*청구절차: 보험금 청구 문의 > 필요 증빙서류 안내 > 보험금 신청 > 보험금 지급심사 > 보험금 지급
*자세한 사항은 한국지방재정공제회(1577-5939)에 문의해 주세요.",https://www.lofa.or.kr,140472500,20250301,20260228,사회재난 사망,"사회재난으로 사망한 경우(만15세 미만자 제외, 감염병 제외)",2000,20250305
경기도 양평군,광명시 시민생활안전보험,안전총괄과,02-2680-0701,광명시,광명시에 주민등록을 둔 모든 시민 (등록 외국인 포함),"보험구 청구 사유 발생 시 청구처로 피보험자 또는 법정상속인이 사고접수 및 보험금 청구
*청구절차: 보험금 청구 문의 > 필요 증빙서류 안내 > 보험금 신청 > 보험금 지급심사 > 보험금 지급
*자세한 사항은 컨소시엄(1522-3556)에 문의해 주세요.",https://www.gm.go.kr/pt/user/bbs/BD_selectBbsList.do?q_bbsCode=2454,60000000,20250206,20260205,"화재,붕괴,폭발 사망","광명시민이 폭발, 화재, 붕괴, 산사태 사고로 상해 사망한 경우(만15세미만자 제외)",1500,20250213
경기도 양평군,광명시 시민생활안전보험,안전총괄과,02-2680-0701,광명시,광명시에 주민등록을 둔 모든 시민 (등록 외국인 포함),"보험구 청구 사유 발생 시 청구처로 피보험자 또는 법정상속인이 사고접수 및 보험금 청구
*청구절차: 보험금 청구 문의 > 필요 증빙서류 안내 > 보험금 신청 > 보험금 지급심사 > 보험금 지급
*자세한 사항은 컨소시엄(1522-3556)에 문의해 주세요.",https://www.gm.go.kr/pt/user/bbs/BD_selectBbsList.do?q_bbsCode=2454,60000000,20250206,20260205,"화재,붕괴,폭발 후유장해","광명시민이 폭발, 화재, 붕괴, 산사태 사고로 3%~100%의 상해후유장해가 발생한 경우",1500,20250213
경기도 양평군,광명시 시민생활안전보험,안전총괄과,02-2680-0701,광명시,광명시에 주민등록을 둔 모든 시민 (등록 외국인 포함),"보험구 청구 사유 발생 시 청구처로 피보험자 또는 법정상속인이 사고접수 및 보험금 청구
*청구절차: 보험금 청구 문의 > 필요 증빙서류 안내 > 보험금 신청 > 보험금 지급심사 > 보험금 지급
*자세한 사항은 컨소시엄(1522-3556)에 문의해 주세요.",https://www.gm.go.kr/pt/user/bbs/BD_selectBbsList.do?q_bbsCode=2454,60000000,20250206,20260205,화상 진단위로금(수술비),광명시민이 상해로 화상을 입고 병원 또는 의원 등에서 수술을 받은 경우,50,20250213
경기도 양평군,광명시 시민생활안전보험,안전총괄과,02-2680-0701,광명시,광명시에 주민등록을 둔 모든 시민 (등록 외국인 포함),"보험구 청구 사유 발생 시 청구처로 피보험자 또는 법정상속인이 사고접수 및 보험금 청구
*청구절차: 보험금 청구 문의 > 필요 증빙서류 안내 > 보험금 신청 > 보험금 지급심사 > 보험금 지급
*자세한 사항은 컨소시엄(1522-3556)에 문의해 주세요.",https://www.gm.go.kr/pt/user/bbs/BD_selectBbsList.do?q_bbsCode=2454,60000000,20250206,20260205,사회재난 사망,광명시민이 사회재난(감염병 제외)으로 인해 사망한 경우(만15세미만자 제외),1000,20250213
전라북도 전주시,25년 전주시 시민안전보험,재난안전과,063-281-2980,한국지방재정공제회,전주시에 주민등록을 두고있는 모든 시민(등록외국인 포함),"피해시민 및 법정상속인이 보험사에 직접 청구(한국지방재정공제회 1577-5939)
※사고발생일로부터 3년간",https://www.jeonju.go.kr/index.9is?contentUid=ff8080818990c349018b041abc0c3b71,495849000,20250110,20260109,자연재난 사망,"시민이 자연재해(일사병, 열사병, 저체온증 포함)로 사망한 경우(만15세미만자 제외)",3000,20250114
전라북도 전주시,25년 전주시 시민안전보험,재난안전과,063-281-2980,한국지방재정공제회,전주시에 주민등록을 두고있는 모든 시민(등록외국인 포함),"피해시민 및 법정상속인이 보험사에 직접 청구(한국지방재정공제회 1577-5939)
※사고발생일로부터 3년간",https://www.jeonju.go.kr/index.9is?contentUid=ff8080818990c349018b041abc0c3b71,495849000,20250110,20260109,"화재,붕괴,폭발 사망",시민이 폭발․ 화재․ 붕괴사태 사고로 상해 사망한 경우(만15세미만자 제외),3000,20250114
전라북도 전주시,25년 전주시 시민안전보험,재난안전과,063-281-2980,한국지방재정공제회,전주시에 주민등록을 두고있는 모든 시민(등록외국인 포함),"피해시민 및 법정상속인이 보험사에 직접 청구(한국지방재정공제회 1577-5939)
※사고발생일로부터 3년간",https://www.jeonju.go.kr/index.9is?contentUid=ff8080818990c349018b041abc0c3b71,495849000,20250110,20260109,"화재,붕괴,폭발 후유장해",시민이 폭발 ․ 화재․붕괴사태 사고로 3%~100%의 상해후유장해가 발생한 경우,3000,20250114
전라북도 전주시,25년 전주시 시민안전보험,재난안전과,063-281-2980,한국지방재정공제회,전주시에 주민등록을 두고있는 모든 시민(등록외국인 포함),"피해시민 및 법정상속인이 보험사에 직접 청구(한국지방재정공제회 1577-5939)
※사고발생일로부터 3년간",https://www.jeonju.go.kr/index.9is?contentUid=ff8080818990c349018b041abc0c3b71,495849000,20250110,20260109,화상 진단위로금(수술비),시민이 상해의 직접결과로써 화상분류표에서 정한 화상(심재성 2도 이상)을 입고 그 치료를 목적으로 수술을 받은 경우 ,50,20250114
전라북도 전주시,25년 전주시 시민안전보험,재난안전과,063-281-2980,한국지방재정공제회,전주시에 주민등록을 두고있는 모든 시민(등록외국인 포함),"피해시민 및 법정상속인이 보험사에 직접 청구(한국지방재정공제회 1577-5939)
※사고발생일로부터 3년간",https://www.jeonju.go.kr/index.9is?contentUid=ff8080818990c349018b041abc0c3b71,495849000,20250110,20260109,사회재난 사망,시민이 사회재난(재난상황으로 보고된 건에 한함)으로 사망한 경우(만15세미만자 제외),2000,20250114
전라북도 군산시,군산시 시민안전보험,안전총괄과,063-454-3843,군산시,군산시에 주민등록을 둔 모든 시민(등록 외국인 포함),"보험구 청구 사유 발생 시 청구처로 피보험자 또는 법정상속인이 사고접수 및 보험금 청구
*청구절차: 보험금 청구 문의 > 필요 증빙서류 안내 > 보험금 신청 > 보험금 지급심사 > 보험금 지급
*자세한 사항은 시민안전보험콜센터(1522-3556)에 문의해 주세요.",https://www.gunsan.go.kr/main/m2560,399522230,20250220,20260219,자연재난 사망,"군산시민이 자연재해(일사병, 열사병포함)로 인해 사망한 경우(만15세 미만자 제외)",2500,20250318
전라북도 군산시,군산시 시민안전보험,안전총괄과,063-454-3843,군산시,군산시에 주민등록을 둔 모든 시민(등록 외국인 포함),"보험구 청구 사유 발생 시 청구처로 피보험자 또는 법정상속인이 사고접수 및 보험금 청구
*청구절차: 보험금 청구 문의 > 필요 증빙서류 안내 > 보험금 신청 > 보험금 지급심사 > 보험금 지급
*자세한 사항은 시민안전보험콜센터(1522-3556)에 문의해 주세요.",https://www.gunsan.go.kr/main/m2560,399522230,20250220,20260219,자연재난 후유장해,"군산시민이 자연재해(일사병, 열사병포함)로 인한 사고로 3%~100%의 상해 후유장해가 발생한 경우",2500,20250318
전라북도 군산시,군산시 시민안전보험,안전총괄과,063-454-3843,군산시,군산시에 주민등록을 둔 모든 시민(등록 외국인 포함),"보험구 청구 사유 발생 시 청구처로 피보험자 또는 법정상속인이 사고접수 및 보험금 청구
*청구절차: 보험금 청구 문의 > 필요 증빙서류 안내 > 보험금 신청 > 보험금 지급심사 > 보험금 지급
*자세한 사항은 시민안전보험콜센터(1522-3556)에 문의해 주세요.",https://www.gunsan.go.kr/main/m2560,399522230,20250220,20260219,"화재,붕괴,폭발 사망","군산시민이 폭발,화재,붕괴,산사태,감전사고로 상해 사망한 경우 (만15세미만자 제외)",2500,20250318
전라북도 군산시,군산시 시민안전보험,안전총괄과,063-454-3843,군산시,군산시에 주민등록을 둔 모든 시민(등록 외국인 포함),"보험구 청구 사유 발생 시 청구처로 피보험자 또는 법정상속인이 사고접수 및 보험금 청구
*청구절차: 보험금 청구 문의 > 필요 증빙서류 안내 > 보험금 신청 > 보험금 지급심사 > 보험금 지급
*자세한 사항은 시민안전보험콜센터(1522-3556)에 문의해 주세요.",https://www.gunsan.go.kr/main/m2560,399522230,20250220,20260219,"화재,붕괴,폭발 후유장해","군산시민이 폭발,화재,붕괴,산사태,감전사고로 3%~100%의 상해 후유장해가 발생한 경우",2500,20250318
전라북도 군산시,군산시 시민안전보험,안전총괄과,063-454-3843,군산시,군산시에 주민등록을 둔 모든 시민(등록 외국인 포함),"보험구 청구 사유 발생 시 청구처로 피보험자 또는 법정상속인이 사고접수 및 보험금 청구
*청구절차: 보험금 청구 문의 > 필요 증빙서류 안내 > 보험금 신청 > 보험금 지급심사 > 보험금 지급
*자세한 사항은 시민안전보험콜센터(1522-3556)에 문의해 주세요.",https://www.gunsan.go.kr/main/m2560,399522230,20250220,20260219,사회재난 사망,군산시민이 사회재난(감염병 제외)으로 인하여사망한 경우 (만15세 미만자 제외),1500,20250318
전라북도 군산시,군산시 시민안전보험,안전총괄과,063-454-3843,군산시,군산시에 주민등록을 둔 모든 시민(등록 외국인 포함),"보험구 청구 사유 발생 시 청구처로 피보험자 또는 법정상속인이 사고접수 및 보험금 청구
*청구절차: 보험금 청구 문의 > 필요 증빙서류 안내 > 보험금 신청 > 보험금 지급심사 > 보험금 지급
*자세한 사항은 시민안전보험콜센터(1522-3556)에 문의해 주세요.",https://www.gunsan.go.kr/main/m2560,399522230,20250220,20260219,사회재난 후유장해,군산시민이 사회재난(감염병 제외)으로 인하여 후유장해가 발생한 경우,500,20250318
전라북도 익산시,익산시 시민안전보험,시민안전과,063-859-5405,익산시,익산시에 주민등록을 둔 모든 시민(등록외국인 포함),"보험구 청구 사유 발생 시 청구처로 피보험자 또는 법정상속인이 사고접수 및 보험금 청구
*청구절차: 보험금 청구 문의 > 필요 증빙서류 안내 > 보험금 신청 > 보험금 지급심사 > 보험금 지급
*자세한 사항은 DB손해보험 (1522-3556)에 문의해 주세요.",https://www.iksan.go.kr/index.iksan?menuCd=DOM_000002004006009000,185317540,20250301,20260228,자연재난 사망,"자연재해(일사병, 열사병포함)로 사망한 경우(단, 15세 미만자 제외)",2500,20250304
전라북도 익산시,익산시 시민안전보험,시민안전과,063-859-5405,익산시,익산시에 주민등록을 둔 모든 시민(등록외국인 포함),"보험구 청구 사유 발생 시 청구처로 피보험자 또는 법정상속인이 사고접수 및 보험금 청구
*청구절차: 보험금 청구 문의 > 필요 증빙서류 안내 > 보험금 신청 > 보험금 지급심사 > 보험금 지급
*자세한 사항은 DB손해보험 (1522-3556)에 문의해 주세요.",https://www.iksan.go.kr/index.iksan?menuCd=DOM_000002004006009000,185317540,20250301,20260228,자연재난 후유장해,"자연재해(일사병, 열사병포함)로 인한 사고로 3%~100%의 상해 후유장해가 발생한 경우",500,20250304
전라북도 익산시,익산시 시민안전보험,시민안전과,063-859-5405,익산시,익산시에 주민등록을 둔 모든 시민(등록외국인 포함),"보험구 청구 사유 발생 시 청구처로 피보험자 또는 법정상속인이 사고접수 및 보험금 청구
*청구절차: 보험금 청구 문의 > 필요 증빙서류 안내 > 보험금 신청 > 보험금 지급심사 > 보험금 지급
*자세한 사항은 DB손해보험 (1522-3556)에 문의해 주세요.",https://www.iksan.go.kr/index.iksan?menuCd=DOM_000002004006009000,185317540,20250301,20260228,"화재,붕괴,폭발 사망","폭발,화재,붕괴,산사태,감전 사고로 상해 사망한 경우(만15세미만자 제외)",2500,20250304
전라북도 익산시,익산시 시민안전보험,시민안전과,063-859-5405,익산시,익산시에 주민등록을 둔 모든 시민(등록외국인 포함),"보험구 청구 사유 발생 시 청구처로 피보험자 또는 법정상속인이 사고접수 및 보험금 청구
*청구절차: 보험금 청구 문의 > 필요 증빙서류 안내 > 보험금 신청 > 보험금 지급심사 > 보험금 지급
*자세한 사항은 DB손해보험 (1522-3556)에 문의해 주세요.",https://www.iksan.go.kr/index.iksan?menuCd=DOM_000002004006009000,185317540,20250301,20260228,"화재,붕괴,폭발 후유장해","폭발,화재,붕괴,산사태,감전 사고로 3%~100%의 상해 후유장해가 발생한 경우",2500,20250304
전라북도 익산시,익산시 시민안전보험,시민안전과,063-859-5405,익산시,익산시에 주민등록을 둔 모든 시민(등록외국인 포함),"보험구 청구 사유 발생 시 청구처로 피보험자 또는 법정상속인이 사고접수 및 보험금 청구
*청구절차: 보험금 청구 문의 > 필요 증빙서류 안내 > 보험금 신청 > 보험금 지급심사 > 보험금 지급
*자세한 사항은 DB손해보험 (1522-3556)에 문의해 주세요.",https://www.iksan.go.kr/index.iksan?menuCd=DOM_000002004006009000,185317540,20250301,20260228,사회재난 사망,익산시민이 사회재난(감염병 제외)으로 인하여 사망한 경우(만15세 미만자 제외),1500,20250304
전라북도 익산시,익산시 시민안전보험,시민안전과,063-859-5405,익산시,익산시에 주민등록을 둔 모든 시민(등록외국인 포함),"보험구 청구 사유 발생 시 청구처로 피보험자 또는 법정상속인이 사고접수 및 보험금 청구
*청구절차: 보험금 청구 문의 > 필요 증빙서류 안내 > 보험금 신청 > 보험금 지급심사 > 보험금 지급
*자세한 사항은 DB손해보험 (1522-3556)에 문의해 주세요.",https://www.iksan.go.kr/index.iksan?menuCd=DOM_000002004006009000,185317540,20250301,20260228,사회재난 후유장해,익산시민이 사회재난(감염병 제외)으로 인하여 3%~100%의 상해 후유장해가 발생 한 경우,500,20250304
전라북도 정읍시,정읍시 시민안전보험,재난안전과,063-539-5984,정읍시,정읍시에 주민등록을 둔 모든 시민 (등록 외국인 포함),"보험구 청구 사유 발생 시 청구처로 피보험자 또는 법정상속인이 사고접수 및 보험금 청구
*청구절차: 보험금 청구 문의 > 필요 증빙서류 안내 > 보험금 신청 > 보험금 지급심사 > 보험금 지급
*자세한 사항은 통합콜센터에 문의해 주세요.",https://www.jeongeup.go.kr/index.jeongeup?menuCd=DOM_000000103015006000,84191510,20250101,20251231,자연재난 사망,"자연재해(일사병, 열사병 포함)로 인해 사망한 경우",2000,20250620
전라북도 정읍시,정읍시 시민안전보험,재난안전과,063-539-5984,정읍시,정읍시에 주민등록을 둔 모든 시민 (등록 외국인 포함),"보험구 청구 사유 발생 시 청구처로 피보험자 또는 법정상속인이 사고접수 및 보험금 청구
*청구절차: 보험금 청구 문의 > 필요 증빙서류 안내 > 보험금 신청 > 보험금 지급심사 > 보험금 지급
*자세한 사항은 통합콜센터에 문의해 주세요.",https://www.jeongeup.go.kr/index.jeongeup?menuCd=DOM_000000103015006000,84191510,20250101,20251231,사회재난 사망,보험기간중 『재난 및 안전관리기본법』 에서 정한 사회재난으로 사망시(감염병제외)(만15세 미만자 제외),2000,20250620
전라북도 남원시,남원시 시민안전보험,안전재난과,063-620-6955,전북특별자치도 남원시,남원시민,"보험구 청구 사유 발생 시 청구처로 피보험자 또는 법정상속인이 사고접수 및 보험금 청구
*청구절차: 보험금 청구 문의 > 필요 증빙서류 안내 > 보험금 신청 > 보험금 지급심사 > 보험금 지급
",https://www.namwon.go.kr/board/post/view.do?menuUid=ff8080818e3beff0018e4075e410006e&boardUid=ff8080818ea1b850018ea1e3e9ad0081&postUid=9be51b0e945d58f10194671690b5058f,254627710,20250108,20260107,자연재난 사망,,3000,20250123
전라북도 남원시,남원시 시민안전보험,안전재난과,063-620-6955,전북특별자치도 남원시,남원시민,"보험구 청구 사유 발생 시 청구처로 피보험자 또는 법정상속인이 사고접수 및 보험금 청구
*청구절차: 보험금 청구 문의 > 필요 증빙서류 안내 > 보험금 신청 > 보험금 지급심사 > 보험금 지급
",https://www.namwon.go.kr/board/post/view.do?menuUid=ff8080818e3beff0018e4075e410006e&boardUid=ff8080818ea1b850018ea1e3e9ad0081&postUid=9be51b0e945d58f10194671690b5058f,254627710,20250108,20260107,자연재난 후유장해,,3000,20250123
전라북도 남원시,남원시 시민안전보험,안전재난과,063-620-6955,전북특별자치도 남원시,남원시민,"보험구 청구 사유 발생 시 청구처로 피보험자 또는 법정상속인이 사고접수 및 보험금 청구
*청구절차: 보험금 청구 문의 > 필요 증빙서류 안내 > 보험금 신청 > 보험금 지급심사 > 보험금 지급
",https://www.namwon.go.kr/board/post/view.do?menuUid=ff8080818e3beff0018e4075e410006e&boardUid=ff8080818ea1b850018ea1e3e9ad0081&postUid=9be51b0e945d58f10194671690b5058f,254627710,20250108,20260107,"화재,붕괴,폭발 사망",,3000,20250123
전라북도 남원시,남원시 시민안전보험,안전재난과,063-620-6955,전북특별자치도 남원시,남원시민,"보험구 청구 사유 발생 시 청구처로 피보험자 또는 법정상속인이 사고접수 및 보험금 청구
*청구절차: 보험금 청구 문의 > 필요 증빙서류 안내 > 보험금 신청 > 보험금 지급심사 > 보험금 지급
",https://www.namwon.go.kr/board/post/view.do?menuUid=ff8080818e3beff0018e4075e410006e&boardUid=ff8080818ea1b850018ea1e3e9ad0081&postUid=9be51b0e945d58f10194671690b5058f,254627710,20250108,20260107,"화재,붕괴,폭발 후유장해",,3000,20250123
전라북도 남원시,남원시 시민안전보험,안전재난과,063-620-6955,전북특별자치도 남원시,남원시민,"보험구 청구 사유 발생 시 청구처로 피보험자 또는 법정상속인이 사고접수 및 보험금 청구
*청구절차: 보험금 청구 문의 > 필요 증빙서류 안내 > 보험금 신청 > 보험금 지급심사 > 보험금 지급
",https://www.namwon.go.kr/board/post/view.do?menuUid=ff8080818e3beff0018e4075e410006e&boardUid=ff8080818ea1b850018ea1e3e9ad0081&postUid=9be51b0e945d58f10194671690b5058f,254627710,20250108,20260107,화상 진단위로금(수술비),,100,20250123
전라북도 남원시,남원시 시민안전보험,안전재난과,063-620-6955,전북특별자치도 남원시,남원시민,"보험구 청구 사유 발생 시 청구처로 피보험자 또는 법정상속인이 사고접수 및 보험금 청구
*청구절차: 보험금 청구 문의 > 필요 증빙서류 안내 > 보험금 신청 > 보험금 지급심사 > 보험금 지급
",https://www.namwon.go.kr/board/post/view.do?menuUid=ff8080818e3beff0018e4075e410006e&boardUid=ff8080818ea1b850018ea1e3e9ad0081&postUid=9be51b0e945d58f10194671690b5058f,254627710,20250108,20260107,사회재난 사망,,1000,20250123
전라북도 김제시,김제시 시민안전보험,안전재난과,063-540-3427,김제시장,김제시민,보험보장 내용에 명시된 청구사유 발생시 사고일로부터 3년 이내 피보험자 또는 법정 상속인이 관련 증빙서류와 함께 청구서를 보험사에 제출,https://www.gimje.go.kr,99282310,20250311,20260310,자연재난 사망,"김제시민이 자연재해 (일사병, 열사병 포함)로 인해 사망한 경우(만15세 미만자 제외)",3000,20250410
전라북도 김제시,김제시 시민안전보험,안전재난과,063-540-3427,김제시장,김제시민,보험보장 내용에 명시된 청구사유 발생시 사고일로부터 3년 이내 피보험자 또는 법정 상속인이 관련 증빙서류와 함께 청구서를 보험사에 제출,https://www.gimje.go.kr,99282310,20250311,20260310,"화재,붕괴,폭발 사망","김제시민이 폭발, 화재, 붕괴, 산사태로 인한 상해로 사망한 경우(만15세 미만자 제외)",2500,20250410
전라북도 김제시,김제시 시민안전보험,안전재난과,063-540-3427,김제시장,김제시민,보험보장 내용에 명시된 청구사유 발생시 사고일로부터 3년 이내 피보험자 또는 법정 상속인이 관련 증빙서류와 함께 청구서를 보험사에 제출,https://www.gimje.go.kr,99282310,20250311,20260310,"화재,붕괴,폭발 후유장해","김제시민이 폭발, 화재, 붕괴, 산사태로 인한 상해로 3%~100% 의 후유장해가 발생한 경우",2500,20250410
전라북도 김제시,김제시 시민안전보험,안전재난과,063-540-3427,김제시장,김제시민,보험보장 내용에 명시된 청구사유 발생시 사고일로부터 3년 이내 피보험자 또는 법정 상속인이 관련 증빙서류와 함께 청구서를 보험사에 제출,https://www.gimje.go.kr,99282310,20250311,20260310,사회재난 사망,김제시민이 재난안전법 시행규칙 제5조에 의해 보고된 사회재난으로 사망한 경우(만15세 미만자 제외),2000,20250410
전라북도 완주군,2025년 완주군 군민안전보험,재난안전과,063-290-2907,완주군,완주군에 주민등록을 둔 모든 군민,청구사유 발생 시 보험사에 청구 신청,https://www.wanju.go.kr/index.9is?contentUid=ff8080818b024d8e018b274f7a982ce3,74640000,20250301,20260228,자연재난 사망,"완주군민이 자연재해(일사병, 열사병 포함)로 인한 사망한 경우",2500,20250512
전라북도 완주군,2025년 완주군 군민안전보험,재난안전과,063-290-2907,완주군,완주군에 주민등록을 둔 모든 군민,청구사유 발생 시 보험사에 청구 신청,https://www.wanju.go.kr/index.9is?contentUid=ff8080818b024d8e018b274f7a982ce3,74640000,20250301,20260228,"화재,붕괴,폭발 사망","완주군민이 폭발, 화재, 붕괴, 산사태 사고로  상해 사망한 경우",2500,20250512
전라북도 완주군,2025년 완주군 군민안전보험,재난안전과,063-290-2907,완주군,완주군에 주민등록을 둔 모든 군민,청구사유 발생 시 보험사에 청구 신청,https://www.wanju.go.kr/index.9is?contentUid=ff8080818b024d8e018b274f7a982ce3,74640000,20250301,20260228,"화재,붕괴,폭발 후유장해","완주군민이 폭발, 화재, 붕괴, 산사태 사고로  상해 후유장해가 발생한 경우",2500,20250512
전라북도 완주군,2025년 완주군 군민안전보험,재난안전과,063-290-2907,완주군,완주군에 주민등록을 둔 모든 군민,청구사유 발생 시 보험사에 청구 신청,https://www.wanju.go.kr/index.9is?contentUid=ff8080818b024d8e018b274f7a982ce3,74640000,20250301,20260228,화상 진단위로금(수술비),완주군민이 화상을 입고 병원 또는 의원 등에서 수술을 받은 경우,100,20250512
전라북도 완주군,2025년 완주군 군민안전보험,재난안전과,063-290-2907,완주군,완주군에 주민등록을 둔 모든 군민,청구사유 발생 시 보험사에 청구 신청,https://www.wanju.go.kr/index.9is?contentUid=ff8080818b024d8e018b274f7a982ce3,74640000,20250301,20260228,사회재난 사망,완주군민이 사회재난으로 인하여 사망한 경우 (만15세 미만제 제외),2000,20250512
전라북도 진안군,진안군민안전보험,안전재난과,063-430-2483,진안군 ,진안군에 주민등록을 둔 모든 군민 (등록 외국인 포함),"보험구 청구 사유 발생 시 청구처로 피보험자 또는 법정상속인이 사고접수 및 보험금 청구
*청구절차: 보험금 청구 문의 > 필요 증빙서류 안내 > 보험금 신청 > 보험금 지급심사 > 보험금 지급
*자세한 사항은 보험사에 문의해 주세요.",https://www.jinan.go.kr/board/view.jinan?boardid=BBS_0000268&menuCd=DOM_000000107001001000&command=update&dataSid=150295,53987250,20250101,20251231,자연재난 사망,"자연재해(일사병, 열사병, 저체온증 포함)로 사망한 경우",3000,20250307
전라북도 진안군,진안군민안전보험,안전재난과,063-430-2483,진안군 ,진안군에 주민등록을 둔 모든 군민 (등록 외국인 포함),"보험구 청구 사유 발생 시 청구처로 피보험자 또는 법정상속인이 사고접수 및 보험금 청구
*청구절차: 보험금 청구 문의 > 필요 증빙서류 안내 > 보험금 신청 > 보험금 지급심사 > 보험금 지급
*자세한 사항은 보험사에 문의해 주세요.",https://www.jinan.go.kr/board/view.jinan?boardid=BBS_0000268&menuCd=DOM_000000107001001000&command=update&dataSid=150295,53987250,20250101,20251231,자연재난 후유장해,"일사병,열사병 저체온증포함 으로 3~100%의 상해 후유장해가 발생한 경우 ",1000,20250307
전라북도 진안군,진안군민안전보험,안전재난과,063-430-2483,진안군 ,진안군에 주민등록을 둔 모든 군민 (등록 외국인 포함),"보험구 청구 사유 발생 시 청구처로 피보험자 또는 법정상속인이 사고접수 및 보험금 청구
*청구절차: 보험금 청구 문의 > 필요 증빙서류 안내 > 보험금 신청 > 보험금 지급심사 > 보험금 지급
*자세한 사항은 보험사에 문의해 주세요.",https://www.jinan.go.kr/board/view.jinan?boardid=BBS_0000268&menuCd=DOM_000000107001001000&command=update&dataSid=150295,53987250,20250101,20251231,"화재,붕괴,폭발 사망","폭발, 화재, 붕괴, 산사태 사고로 상해 사망한 경우(만15세미만자 제외)",3000,20250307
전라북도 진안군,진안군민안전보험,안전재난과,063-430-2483,진안군 ,진안군에 주민등록을 둔 모든 군민 (등록 외국인 포함),"보험구 청구 사유 발생 시 청구처로 피보험자 또는 법정상속인이 사고접수 및 보험금 청구
*청구절차: 보험금 청구 문의 > 필요 증빙서류 안내 > 보험금 신청 > 보험금 지급심사 > 보험금 지급
*자세한 사항은 보험사에 문의해 주세요.",https://www.jinan.go.kr/board/view.jinan?boardid=BBS_0000268&menuCd=DOM_000000107001001000&command=update&dataSid=150295,53987250,20250101,20251231,"화재,붕괴,폭발 후유장해","폭발, 화재, 붕괴, 산사태 사고로 3%~100%의 상해 후유장해가 발생한 경우",3000,20250307
전라북도 진안군,진안군민안전보험,안전재난과,063-430-2483,진안군 ,진안군에 주민등록을 둔 모든 군민 (등록 외국인 포함),"보험구 청구 사유 발생 시 청구처로 피보험자 또는 법정상속인이 사고접수 및 보험금 청구
*청구절차: 보험금 청구 문의 > 필요 증빙서류 안내 > 보험금 신청 > 보험금 지급심사 > 보험금 지급
*자세한 사항은 보험사에 문의해 주세요.",https://www.jinan.go.kr/board/view.jinan?boardid=BBS_0000268&menuCd=DOM_000000107001001000&command=update&dataSid=150295,53987250,20250101,20251231,사회재난 사망,사회재난(감염병제외)으로 사망한 경우 (만15세미만자제외),2000,20250307
전라북도 진안군,진안군민안전보험,안전재난과,063-430-2483,진안군 ,진안군에 주민등록을 둔 모든 군민 (등록 외국인 포함),"보험구 청구 사유 발생 시 청구처로 피보험자 또는 법정상속인이 사고접수 및 보험금 청구
*청구절차: 보험금 청구 문의 > 필요 증빙서류 안내 > 보험금 신청 > 보험금 지급심사 > 보험금 지급
*자세한 사항은 보험사에 문의해 주세요.",https://www.jinan.go.kr/board/view.jinan?boardid=BBS_0000268&menuCd=DOM_000000107001001000&command=update&dataSid=150295,53987250,20250101,20251231,사회재난 후유장해,사회재난 (재난상황에 보고된건) 3~100%의 상해 후유장해가 발생한 경우 ,1000,20250307
전라북도 무주군,무주군 군민안전보험,안전재난과,063-320-2265,한국지방재정공제회,무주군 주민등록을 둔 모든 시민 (등록 외국인 포함),"보험구 청구 사유 발생 시 청구처로 피보험자 또는 법정상속인이 사고접수 및 보험금 청구
*청구절차: 보험금 청구 문의 > 필요 증빙서류 안내 > 보험금 신청 > 보험금 지급심사 > 보험금 지급
*자세한 사항은 한국지방재정공제회(063-385-7411)에 문의해 주세요.",https://www.muju.go.kr/,141909600,20250301,20260228,자연재난 사망,"자연재해(일사병, 열사병 포함)로 인한 사망한 경우 ※ 만15세 이상",5000,20250515
전라북도 무주군,무주군 군민안전보험,안전재난과,063-320-2265,한국지방재정공제회,무주군 주민등록을 둔 모든 시민 (등록 외국인 포함),"보험구 청구 사유 발생 시 청구처로 피보험자 또는 법정상속인이 사고접수 및 보험금 청구
*청구절차: 보험금 청구 문의 > 필요 증빙서류 안내 > 보험금 신청 > 보험금 지급심사 > 보험금 지급
*자세한 사항은 한국지방재정공제회(063-385-7411)에 문의해 주세요.",https://www.muju.go.kr/,141909600,20250301,20260228,"화재,붕괴,폭발 사망","폭발, 화재, 붕괴 사고로 상해 사망한 경우 ※ 만15세 이상",5000,20250515
전라북도 무주군,무주군 군민안전보험,안전재난과,063-320-2265,한국지방재정공제회,무주군 주민등록을 둔 모든 시민 (등록 외국인 포함),"보험구 청구 사유 발생 시 청구처로 피보험자 또는 법정상속인이 사고접수 및 보험금 청구
*청구절차: 보험금 청구 문의 > 필요 증빙서류 안내 > 보험금 신청 > 보험금 지급심사 > 보험금 지급
*자세한 사항은 한국지방재정공제회(063-385-7411)에 문의해 주세요.",https://www.muju.go.kr/,141909600,20250301,20260228,"화재,붕괴,폭발 후유장해","폭발, 화재, 붕괴, 산사태 사고로 상해 후유장해가 발생한 경우※ 만15세 이상",3000,20250515
전라북도 무주군,무주군 군민안전보험,안전재난과,063-320-2265,한국지방재정공제회,무주군 주민등록을 둔 모든 시민 (등록 외국인 포함),"보험구 청구 사유 발생 시 청구처로 피보험자 또는 법정상속인이 사고접수 및 보험금 청구
*청구절차: 보험금 청구 문의 > 필요 증빙서류 안내 > 보험금 신청 > 보험금 지급심사 > 보험금 지급
*자세한 사항은 한국지방재정공제회(063-385-7411)에 문의해 주세요.",https://www.muju.go.kr/,141909600,20250301,20260228,화상 진단위로금(수술비),상해의 직접결과로써 그 치료를 직접적인 목적으로 수술을 받을 경우,100,20250515
전라북도 무주군,무주군 군민안전보험,안전재난과,063-320-2265,한국지방재정공제회,무주군 주민등록을 둔 모든 시민 (등록 외국인 포함),"보험구 청구 사유 발생 시 청구처로 피보험자 또는 법정상속인이 사고접수 및 보험금 청구
*청구절차: 보험금 청구 문의 > 필요 증빙서류 안내 > 보험금 신청 > 보험금 지급심사 > 보험금 지급
*자세한 사항은 한국지방재정공제회(063-385-7411)에 문의해 주세요.",https://www.muju.go.kr/,141909600,20250301,20260228,사회재난 사망,사회재난(감염병제외)으로 인하여 사망한 경우 ※ 만15세 이상,2000,20250515
전라북도 장수군,장수군 군민안전보험,안전재난과,063-350-2486,장수군,장수군에 주민등록을 둔 모든 군민 (등록 외국인 포함),"보험구 청구 사유 발생 시 청구처로 피보험자 또는 법정상속인이 사고접수 및 보험금 청구
*청구절차: 보험금 청구 문의 > 필요 증빙서류 안내 > 보험금 신청 > 보험금 지급심사 > 보험금 지급
*자세한 사항은 NH농협손해보험에 문의해 주세요.",https://www.jangsu.go.kr/index.jangsu?menuCd=DOM_000000106001003000,30000000,20250201,20260131,자연재난 사망,"자연재해(일사병, 열사병)로 사망한 경우",3000,20250311
전라북도 장수군,장수군 군민안전보험,안전재난과,063-350-2486,장수군,장수군에 주민등록을 둔 모든 군민 (등록 외국인 포함),"보험구 청구 사유 발생 시 청구처로 피보험자 또는 법정상속인이 사고접수 및 보험금 청구
*청구절차: 보험금 청구 문의 > 필요 증빙서류 안내 > 보험금 신청 > 보험금 지급심사 > 보험금 지급
*자세한 사항은 NH농협손해보험에 문의해 주세요.",https://www.jangsu.go.kr/index.jangsu?menuCd=DOM_000000106001003000,30000000,20250201,20260131,"화재,붕괴,폭발 사망","폭발, 화재, 붕괴, 산사태 상해로 사망한 경우",3000,20250311
전라북도 장수군,장수군 군민안전보험,안전재난과,063-350-2486,장수군,장수군에 주민등록을 둔 모든 군민 (등록 외국인 포함),"보험구 청구 사유 발생 시 청구처로 피보험자 또는 법정상속인이 사고접수 및 보험금 청구
*청구절차: 보험금 청구 문의 > 필요 증빙서류 안내 > 보험금 신청 > 보험금 지급심사 > 보험금 지급
*자세한 사항은 NH농협손해보험에 문의해 주세요.",https://www.jangsu.go.kr/index.jangsu?menuCd=DOM_000000106001003000,30000000,20250201,20260131,"화재,붕괴,폭발 후유장해","폭발, 화재, 붕괴, 산사태 사고로 3~100%의 상해 후유장해가 발생한 경우",3000,20250311
전라북도 장수군,장수군 군민안전보험,안전재난과,063-350-2486,장수군,장수군에 주민등록을 둔 모든 군민 (등록 외국인 포함),"보험구 청구 사유 발생 시 청구처로 피보험자 또는 법정상속인이 사고접수 및 보험금 청구
*청구절차: 보험금 청구 문의 > 필요 증빙서류 안내 > 보험금 신청 > 보험금 지급심사 > 보험금 지급
*자세한 사항은 NH농협손해보험에 문의해 주세요.",https://www.jangsu.go.kr/index.jangsu?menuCd=DOM_000000106001003000,30000000,20250201,20260131,사회재난 사망,보험기간중 『재난 및 안전관리기본법』 에서정한 사회재난으로 사망시(감염병제외),2000,20250311
전라북도 임실군,임실군 군민안전보험,안전관리과,063-640-2616,임실군,임실군에 주민등록을 두고 거주하는 모든 군민 (내 외국민 포함),"보험구 청구 사유 발생 시 청구처로 피보험자 또는 법정상속인이 사고접수 및 보험금 청구
*청구절차: 보험금 청구 문의 > 필요 증빙서류 안내 > 보험금 신청 > 보험금 지급심사 > 보험금 지급
*자세한 사항은 한국지방재정공제회에 문의해 주세요.",https://www.imsil.go.kr/index.imsil,11215800,20200116,20260115,자연재난 사망,"자연재해(일사병, 열사병, 저체온증 포함)로 사망한 경우(단, 15세 미만자 제외)",3000,20250405
전라북도 임실군,임실군 군민안전보험,안전관리과,063-640-2616,임실군,임실군에 주민등록을 두고 거주하는 모든 군민 (내 외국민 포함),"보험구 청구 사유 발생 시 청구처로 피보험자 또는 법정상속인이 사고접수 및 보험금 청구
*청구절차: 보험금 청구 문의 > 필요 증빙서류 안내 > 보험금 신청 > 보험금 지급심사 > 보험금 지급
*자세한 사항은 한국지방재정공제회에 문의해 주세요.",https://www.imsil.go.kr/index.imsil,11215800,20200116,20260115,자연재난 후유장해,"자연재해(일사병, 열사병, 저체온증 포함)로 후유장해가 발생한 경우(단, 15세 미만자 제외)",14000000,20250405
전라북도 임실군,임실군 군민안전보험,안전관리과,063-640-2616,임실군,임실군에 주민등록을 두고 거주하는 모든 군민 (내 외국민 포함),"보험구 청구 사유 발생 시 청구처로 피보험자 또는 법정상속인이 사고접수 및 보험금 청구
*청구절차: 보험금 청구 문의 > 필요 증빙서류 안내 > 보험금 신청 > 보험금 지급심사 > 보험금 지급
*자세한 사항은 한국지방재정공제회에 문의해 주세요.",https://www.imsil.go.kr/index.imsil,11215800,20200116,20260115,"화재,붕괴,폭발 사망","폭발, 화재, 붕괴 사고로 상해 사망한 경우",3000,20250405
전라북도 임실군,임실군 군민안전보험,안전관리과,063-640-2616,임실군,임실군에 주민등록을 두고 거주하는 모든 군민 (내 외국민 포함),"보험구 청구 사유 발생 시 청구처로 피보험자 또는 법정상속인이 사고접수 및 보험금 청구
*청구절차: 보험금 청구 문의 > 필요 증빙서류 안내 > 보험금 신청 > 보험금 지급심사 > 보험금 지급
*자세한 사항은 한국지방재정공제회에 문의해 주세요.",https://www.imsil.go.kr/index.imsil,11215800,20200116,20260115,"화재,붕괴,폭발 후유장해","폭발, 화재, 붕괴 사고로 상해 후유장해가 발생한 경우",3000,20250405
전라북도 임실군,임실군 군민안전보험,안전관리과,063-640-2616,임실군,임실군에 주민등록을 두고 거주하는 모든 군민 (내 외국민 포함),"보험구 청구 사유 발생 시 청구처로 피보험자 또는 법정상속인이 사고접수 및 보험금 청구
*청구절차: 보험금 청구 문의 > 필요 증빙서류 안내 > 보험금 신청 > 보험금 지급심사 > 보험금 지급
*자세한 사항은 한국지방재정공제회에 문의해 주세요.",https://www.imsil.go.kr/index.imsil,11215800,20200116,20260115,화상 진단위로금(수술비),상해로 화상을 입고 수술을 받은 경우,100,20250405
전라북도 임실군,임실군 군민안전보험,안전관리과,063-640-2616,임실군,임실군에 주민등록을 두고 거주하는 모든 군민 (내 외국민 포함),"보험구 청구 사유 발생 시 청구처로 피보험자 또는 법정상속인이 사고접수 및 보험금 청구
*청구절차: 보험금 청구 문의 > 필요 증빙서류 안내 > 보험금 신청 > 보험금 지급심사 > 보험금 지급
*자세한 사항은 한국지방재정공제회에 문의해 주세요.",https://www.imsil.go.kr/index.imsil,11215800,20200116,20260115,사회재난 사망,,1000,20250405
전라북도 임실군,임실군 군민안전보험,안전관리과,063-640-2616,임실군,임실군에 주민등록을 두고 거주하는 모든 군민 (내 외국민 포함),"보험구 청구 사유 발생 시 청구처로 피보험자 또는 법정상속인이 사고접수 및 보험금 청구
*청구절차: 보험금 청구 문의 > 필요 증빙서류 안내 > 보험금 신청 > 보험금 지급심사 > 보험금 지급
*자세한 사항은 한국지방재정공제회에 문의해 주세요.",https://www.imsil.go.kr/index.imsil,11215800,20200116,20260115,사회재난 후유장해,,1000,20250405
전라북도 순창군,순창군 군민안전보험,안전재난과,063-650-1878,순창군,순창군에 주민등록을 둔 모든 군민 (등록 외국인 포함),"피보험자 또는 법정상속인은 보험금 청구사유가 발생한 때에는 관련 증빙서류를 첨부하여 보험사에 청구 
(청구서식은 보험사 소정양식 이용)",https://www.sunchang.go.kr/index.sunchang?menuCd=DOM_000000105008009000,41000000,20250301,20260228,자연재난 사망,"자연재해(일사병, 열사병 포함)로 사망한 경우",2500,20250313
전라북도 순창군,순창군 군민안전보험,안전재난과,063-650-1878,순창군,순창군에 주민등록을 둔 모든 군민 (등록 외국인 포함),"피보험자 또는 법정상속인은 보험금 청구사유가 발생한 때에는 관련 증빙서류를 첨부하여 보험사에 청구 
(청구서식은 보험사 소정양식 이용)",https://www.sunchang.go.kr/index.sunchang?menuCd=DOM_000000105008009000,41000000,20250301,20260228,"화재,붕괴,폭발 사망","폭발,화재,붕괴,사태 사고로 상해 사망한 경우(만15세 미만자 제외)",2500,20250313
전라북도 순창군,순창군 군민안전보험,안전재난과,063-650-1878,순창군,순창군에 주민등록을 둔 모든 군민 (등록 외국인 포함),"피보험자 또는 법정상속인은 보험금 청구사유가 발생한 때에는 관련 증빙서류를 첨부하여 보험사에 청구 
(청구서식은 보험사 소정양식 이용)",https://www.sunchang.go.kr/index.sunchang?menuCd=DOM_000000105008009000,41000000,20250301,20260228,"화재,붕괴,폭발 후유장해","폭발,화재,붕괴,사태 사고로 3%~100%의 상해 후유장해가 발생한 경우",2500,20250313
전라북도 순창군,순창군 군민안전보험,안전재난과,063-650-1878,순창군,순창군에 주민등록을 둔 모든 군민 (등록 외국인 포함),"피보험자 또는 법정상속인은 보험금 청구사유가 발생한 때에는 관련 증빙서류를 첨부하여 보험사에 청구 
(청구서식은 보험사 소정양식 이용)",https://www.sunchang.go.kr/index.sunchang?menuCd=DOM_000000105008009000,41000000,20250301,20260228,화상 진단위로금(수술비),상해로 화상을 입고 병원 또는 의원등에서 수술을 받은 경우,100,20250313
전라북도 순창군,순창군 군민안전보험,안전재난과,063-650-1878,순창군,순창군에 주민등록을 둔 모든 군민 (등록 외국인 포함),"피보험자 또는 법정상속인은 보험금 청구사유가 발생한 때에는 관련 증빙서류를 첨부하여 보험사에 청구 
(청구서식은 보험사 소정양식 이용)",https://www.sunchang.go.kr/index.sunchang?menuCd=DOM_000000105008009000,41000000,20250301,20260228,사회재난 사망,「재난 및 안전관리기본법」에서  정한 사회   재난의 직접적인 결과로 사망한 경우(만 15세 미만자 제외),2500,20250313
전라북도 고창군,고창군 군민안전보험,고창군청 안전총괄과,063-560-2680,고창군청,고창군에 주민등록을 두고 있는 모든 군민(등록 외국인 포함),"* 보험지급 및 문의 
 - 청구시기 :  보장항목에 명시된 청구사유 발생시 
 - 문  의  처 :  시민안전공제 콜센터(1577-5939)
* 청구서류 
 - 청구서식은 공제회 양식 이용
 - 공통서류 및 기타서류는 서류 안내문 참조
* 주        소 :  서울특별시 마포구 신촌로  270(마포구 아현동 329-1), 수창빌딩 904호 
* 사고접수 : 등기우편 접수",https://www.gochang.go.kr/index.gochang?menuCd=DOM_000000104005010000,64097440,20250208,20260207,자연재난 사망,"시민이 자연재해(일사병, 열사병, 저체온증)로 사망한 경우(만 15세 이상)",3000,20250206
전라북도 고창군,고창군 군민안전보험,고창군청 안전총괄과,063-560-2680,고창군청,고창군에 주민등록을 두고 있는 모든 군민(등록 외국인 포함),"* 보험지급 및 문의 
 - 청구시기 :  보장항목에 명시된 청구사유 발생시 
 - 문  의  처 :  시민안전공제 콜센터(1577-5939)
* 청구서류 
 - 청구서식은 공제회 양식 이용
 - 공통서류 및 기타서류는 서류 안내문 참조
* 주        소 :  서울특별시 마포구 신촌로  270(마포구 아현동 329-1), 수창빌딩 904호 
* 사고접수 : 등기우편 접수",https://www.gochang.go.kr/index.gochang?menuCd=DOM_000000104005010000,64097440,20250208,20260207,자연재난 후유장해,"시민이 자연재해(일사병, 열사병, 저체온증)로 3~100%의 상해후유장해가 발생한 경우",500,20250206
전라북도 고창군,고창군 군민안전보험,고창군청 안전총괄과,063-560-2680,고창군청,고창군에 주민등록을 두고 있는 모든 군민(등록 외국인 포함),"* 보험지급 및 문의 
 - 청구시기 :  보장항목에 명시된 청구사유 발생시 
 - 문  의  처 :  시민안전공제 콜센터(1577-5939)
* 청구서류 
 - 청구서식은 공제회 양식 이용
 - 공통서류 및 기타서류는 서류 안내문 참조
* 주        소 :  서울특별시 마포구 신촌로  270(마포구 아현동 329-1), 수창빌딩 904호 
* 사고접수 : 등기우편 접수",https://www.gochang.go.kr/index.gochang?menuCd=DOM_000000104005010000,64097440,20250208,20260207,"화재,붕괴,폭발 사망","시민이 폭발, 화재, 붕괴사태 사고로 상해 사망한 경우(만 15세 이상)",3000,20250206
전라북도 고창군,고창군 군민안전보험,고창군청 안전총괄과,063-560-2680,고창군청,고창군에 주민등록을 두고 있는 모든 군민(등록 외국인 포함),"* 보험지급 및 문의 
 - 청구시기 :  보장항목에 명시된 청구사유 발생시 
 - 문  의  처 :  시민안전공제 콜센터(1577-5939)
* 청구서류 
 - 청구서식은 공제회 양식 이용
 - 공통서류 및 기타서류는 서류 안내문 참조
* 주        소 :  서울특별시 마포구 신촌로  270(마포구 아현동 329-1), 수창빌딩 904호 
* 사고접수 : 등기우편 접수",https://www.gochang.go.kr/index.gochang?menuCd=DOM_000000104005010000,64097440,20250208,20260207,"화재,붕괴,폭발 후유장해","시민이 폭발, 화재, 붕괴사태 사고로 3~100%의 상해후유장해가 발생한 경우",3000,20250206
전라북도 고창군,고창군 군민안전보험,고창군청 안전총괄과,063-560-2680,고창군청,고창군에 주민등록을 두고 있는 모든 군민(등록 외국인 포함),"* 보험지급 및 문의 
 - 청구시기 :  보장항목에 명시된 청구사유 발생시 
 - 문  의  처 :  시민안전공제 콜센터(1577-5939)
* 청구서류 
 - 청구서식은 공제회 양식 이용
 - 공통서류 및 기타서류는 서류 안내문 참조
* 주        소 :  서울특별시 마포구 신촌로  270(마포구 아현동 329-1), 수창빌딩 904호 
* 사고접수 : 등기우편 접수",https://www.gochang.go.kr/index.gochang?menuCd=DOM_000000104005010000,64097440,20250208,20260207,사회재난 사망,시민이 사회재난(재난상황으로 보고된 건에 한함)으로 사망한 경우(만 15세 이상),2000,20250206
전라북도 고창군,고창군 군민안전보험,고창군청 안전총괄과,063-560-2680,고창군청,고창군에 주민등록을 두고 있는 모든 군민(등록 외국인 포함),"* 보험지급 및 문의 
 - 청구시기 :  보장항목에 명시된 청구사유 발생시 
 - 문  의  처 :  시민안전공제 콜센터(1577-5939)
* 청구서류 
 - 청구서식은 공제회 양식 이용
 - 공통서류 및 기타서류는 서류 안내문 참조
* 주        소 :  서울특별시 마포구 신촌로  270(마포구 아현동 329-1), 수창빌딩 904호 
* 사고접수 : 등기우편 접수",https://www.gochang.go.kr/index.gochang?menuCd=DOM_000000104005010000,64097440,20250208,20260207,사회재난 후유장해,시민이 사회재난(재난상황으로 보고된 건에 한함)으로 3~100%의 상해후유장해가 발생한 경우,500,20250206
전라북도 부안군,부안군 군민안전보험,안전총괄과,063-580-4880,부안군,부안군에 주민등록을 둔 모든 군민 (등록 외국인 포함),"보험구 청구 사유 발생 시 청구처로 피보험자 또는 법정상속인이 사고접수 및 보험금 청구
*청구절차: 보험금 청구 문의 > 필요 증빙서류 안내 > 보험금 신청 > 보험금 지급심사 > 보험금 지급
*자세한 사항은 한국지방재정공제회에 문의해 주세요.  (연락처 1577-5939)",https://www.buan.go.kr/index.buan?menuCd=DOM_000000104006004000,47107770,20250101,20251231,자연재난 사망,"자연재해(일사병, 열사병, 저체온증 포함)로 사망한 경우",3000,20250108
전라북도 부안군,부안군 군민안전보험,안전총괄과,063-580-4880,부안군,부안군에 주민등록을 둔 모든 군민 (등록 외국인 포함),"보험구 청구 사유 발생 시 청구처로 피보험자 또는 법정상속인이 사고접수 및 보험금 청구
*청구절차: 보험금 청구 문의 > 필요 증빙서류 안내 > 보험금 신청 > 보험금 지급심사 > 보험금 지급
*자세한 사항은 한국지방재정공제회에 문의해 주세요.  (연락처 1577-5939)",https://www.buan.go.kr/index.buan?menuCd=DOM_000000104006004000,47107770,20250101,20251231,"화재,붕괴,폭발 사망","폭발, 화재, 붕괴 사고로 상해 사망한 경우",3000,20250108
전라북도 부안군,부안군 군민안전보험,안전총괄과,063-580-4880,부안군,부안군에 주민등록을 둔 모든 군민 (등록 외국인 포함),"보험구 청구 사유 발생 시 청구처로 피보험자 또는 법정상속인이 사고접수 및 보험금 청구
*청구절차: 보험금 청구 문의 > 필요 증빙서류 안내 > 보험금 신청 > 보험금 지급심사 > 보험금 지급
*자세한 사항은 한국지방재정공제회에 문의해 주세요.  (연락처 1577-5939)",https://www.buan.go.kr/index.buan?menuCd=DOM_000000104006004000,47107770,20250101,20251231,"화재,붕괴,폭발 후유장해","폭발, 화재, 붕괴 사고로 3~100%의 상해 후유장해가 발생한 경우",3000,20250108
전라북도 부안군,부안군 군민안전보험,안전총괄과,063-580-4880,부안군,부안군에 주민등록을 둔 모든 군민 (등록 외국인 포함),"보험구 청구 사유 발생 시 청구처로 피보험자 또는 법정상속인이 사고접수 및 보험금 청구
*청구절차: 보험금 청구 문의 > 필요 증빙서류 안내 > 보험금 신청 > 보험금 지급심사 > 보험금 지급
*자세한 사항은 한국지방재정공제회에 문의해 주세요.  (연락처 1577-5939)",https://www.buan.go.kr/index.buan?menuCd=DOM_000000104006004000,47107770,20250101,20251231,화상 진단위로금(수술비),상해로 화상을 입고 수술을 받은 경우,70,20250108
전라북도 부안군,부안군 군민안전보험,안전총괄과,063-580-4880,부안군,부안군에 주민등록을 둔 모든 군민 (등록 외국인 포함),"보험구 청구 사유 발생 시 청구처로 피보험자 또는 법정상속인이 사고접수 및 보험금 청구
*청구절차: 보험금 청구 문의 > 필요 증빙서류 안내 > 보험금 신청 > 보험금 지급심사 > 보험금 지급
*자세한 사항은 한국지방재정공제회에 문의해 주세요.  (연락처 1577-5939)",https://www.buan.go.kr/index.buan?menuCd=DOM_000000104006004000,47107770,20250101,20251231,사회재난 사망,사회재난(감염병제외)으로 인하여 사망한 경우,2000,20250108
